 Name,Country,Location,year,type
塔克依巴依佛教遺址和鄰近的薩爾依巴赫洛遺址,巴基斯坦,西北邊境省,1980,文化遺產
古代高句麗王國的王城及王陵,中國,吉林省,2004,文化遺產
甯格羅海岸,澳大利亞,甯格羅海岸位於西澳,2011,自然遺產
占巴尼﹒巴瓦格達考古園區,印度,印度古吉拉特邦，潘奇馬哈斯區,2004,文化遺產
昌德宮建築群,大韓民國,首爾,1997,文化遺產
洽拉巴帝西瓦吉火車站（前維多利亞火車站）,印度,馬哈拉施特拉邦，孟買市,2004,文化遺產
馬塔王酋長部落,萬那度,萬那杜,2008,文化遺產
喬伊魯科蒂亞,塞普勒斯,拉納卡區,1998,文化遺產
果亞教堂和修道院,印度,果亞邦,1986,文化遺產
喀不思塔,伊朗,伊朗西北部戈爾干省約爾揚（Jorjan）廢墟附近,2012,文化遺產
德爾本特城堡、古城及要塞,俄羅斯聯邦,達吉斯坦高加索東部，西部的里海海岸,2003,文化遺產
番紅花城,土耳其,卡拉比克省,1994,文化遺產
蘇州古典園林,中國,江蘇省蘇州市,1997,文化遺產
順化古蹟群,越南,承天-順化省,1993,文化遺產
高句麗墓葬群,朝鮮人民共和國(北韓),,2004,文化遺產
巴米楊山谷的文化景觀及考古遺址群圖,阿富汗,巴米楊省,2003,文化遺產
大足石刻,中國,重慶市大足縣,1999,文化遺產
塔吉克國家公園（帕米爾山脈）,塔吉克,帕米爾高原中部,2013,自然遺產
東巴耶延山﹒考愛森林保護區,泰國,沙拉武里府、納空那育府、納空雷啟細瑪府、巴真武里府、沙卡府、武里南府,2005,自然遺產
紅河哈尼梯田文化景觀,中國,雲南省紅河哈尼族彝族自治州元陽縣,2013,文化遺產
東倫內爾島,索羅門群島,索羅門島最南端，拉納爾和貝羅納省,1998,自然遺產
艾勒方達「象島」石窟,印度,馬哈拉施特拉邦，克拉巴市(象島),1987,文化遺產
愛羅拉石窟,印度,馬哈拉斯特拉邦，奧蘭加巴德市,1983,文化遺產
費拉邦多夫修道院群,俄羅斯聯邦,沃洛格達地區,2000,文化遺產
新聖女修道院,俄羅斯聯邦,莫斯科市,2004,文化遺產
法替布西可里,印度,北方邦，阿格拉市,1986,文化遺產
拉合爾要塞和夏拉瑪爾花園,巴基斯坦,拉合爾，旁遮普,1981,文化遺產
波斯園林,伊朗（伊斯蘭共和國）,伊朗,2011,文化遺產
弗雷澤島,澳大利亞,昆士蘭,1992,自然遺產
福建土樓,中國,福建省,2008,文化遺產
高敞郡、和順郡和江華郡的史前支石墓遺址,大韓民國,高敞郡，全羅北道；和順郡，全羅南道；江華郡，仁川省,2000,文化遺產
金山，阿爾泰山,俄羅斯聯邦,西伯利亞西南450公里，阿爾泰共和國,1998,自然遺產
小笠原群島,日本,小笠原群島,2011,自然遺產
丹布勒金寺,斯里蘭卡,中央省，馬特萊,1991,文化遺產
澳大利亞東部雨林保護區,澳大利亞,新南威爾斯和昆士蘭,1986,自然遺產
哥萊美國家公園及卡巴德基亞岩石區,土耳其,內夫謝伊爾省安那托利亞中部,1985,複合遺產
大堡礁,澳大利亞,昆士蘭省的東邊海上,1981,自然遺產
朱羅王朝現存的大神廟,印度,印度南部和鄰近島嶼,1987,文化遺產
迪夫里伊的清真寺和醫院,土耳其,東安納托利亞錫瓦斯省迪夫利市,1985,文化遺產
大藍山區,澳大利亞,新南威爾斯,2000,自然遺產
漢比古跡群,印度,卡納達克邦，貝拉里市,1986,文化遺產
默哈伯利普藍古跡群,印度,淡米爾那督邦,1984,文化遺產
帕達搭卡遺址,印度,卡納達卡邦，比加普爾市,1987,文化遺產
姆魯國家公園,馬來西亞,北部的沙撈越，婆羅洲島,2000,自然遺產
琉球王國的聖地遺跡與相關建築,日本,沖繩縣,2000,文化遺產
慶州歷史區,大韓民國,慶州市、慶尚北道,2000,文化遺產
下龍灣,越南,廣寧省,1994,自然遺產
海印寺昌永藏經殿,大韓民國,位於伽耶山(Kaya)之海印寺,1995,文化遺產
戈勒斯坦宮,伊朗,德黑蘭的心臟和歷史的核心,2013,文化遺產
西臺舊都哈圖沙,土耳其,喬魯姆省,1986,文化遺產
赫德及麥克唐諾群島,澳大利亞,赫德及麥克唐諾群島領地,1997,自然遺產
棉堡與赫拉波利斯,土耳其,德尼茲利,1988,複合遺產
姬路城,日本,兵庫縣,1993,文化遺產
廣島和平紀念館(原爆圓頂),日本,廣島,1996,文化遺產
喀山克里姆林歷史建築群,俄羅斯聯邦,喀山市，韃靼斯坦共和國,2000,文化遺產
伊斯坦堡歷史地區,土耳其,伊斯坦堡省,1985,文化遺產
布哈拉歷史中心,烏茲別克共和國,布哈拉地區,1993,文化遺產
夏喀里希亞布茲歷史中心,烏茲別克共和國,喀什喀河地區,2000,文化遺產
歷史城市阿育他亞（大城）,泰國,素可泰與甘烹碧府,1991,文化遺產
拉薩布達拉宮歷史建築群,中國,西藏自治區拉薩市,1994,文化遺產
京都古城的歷史建築（京都，宇治，大津城）,日本,京都與滋賀縣,1994,文化遺產
古都奈良的文化財,日本,奈良縣,1998,文化遺產
巴凱爾哈德清真寺古城,孟加拉,庫爾納區,1985,文化遺產
素可泰歷史城鎮及相關歷史城鎮,泰國,素可泰及康潘沛省,1991,文化遺產
維甘古城,菲律賓,南伊羅戈省,1999,文化遺產
白川鄉與五箇山的合掌造聚落,日本,岐阜和富山縣,1995,文化遺產
雅羅斯拉夫爾城歷史中心,俄羅斯聯邦,雅羅斯拉夫爾州,2005,文化遺產
塔塔城的歷史建築,巴基斯坦,信德省,1981,文化遺產
會安古城,越南,會安鎮，廣南省,1999,文化遺產
黃龍風景與歷史名勝區,中國,四川省松潘縣,1992,自然遺產
德里胡馬雍古墓,印度,德里,1993,文化遺產
水原華城,大韓民國,京畿道省,1997,文化遺產
明清故宮（北京和瀋陽故宮）,中國,北京&瀋陽,1987,文化遺產
明清皇陵,中國,江蘇省南京市(昭陵)&北京市昌平區(明代陵墓),2000,文化遺產
伊斯法罕的星期五清真寺,伊朗（伊斯蘭共和國）,伊朗,2012,文化遺產
希瓦內城,烏茲別克共和國,希瓦，花剌子模地區,1990,文化遺產
嚴島神社,日本,廣島,1996,文化遺產
島根縣石見銀山,日本,島根縣大田市區,2007,文化遺產
元上都遺址,中國,内蒙古自治區,2012,文化遺產
濟州火山島與熔岩洞,大韓民國,濟州,2007,自然遺產
九寨溝風景與歷史名勝區,中國,四川省南坪縣,1992,自然遺產
宗廟,大韓民國,首爾,1995,文化遺產
開平碉樓和村落,中國,廣東省,2007,文化遺產
卡卡杜國家公園,澳大利亞,北領地,1981,複合遺產
加德滿都谷地,尼泊爾,加德滿都谷地,1979,文化遺產
卡其蘭加國家公園,印度,阿薩姆邦,1985,自然遺產
凱奧拉德奧國家公園,印度,拉賈斯坦邦，阿格拉西方50公里處,1985,自然遺產
卡朱拉荷廟群,印度,中央邦,1986,文化遺產
京納峇魯國家公園,馬來西亞,沙巴州,2000,自然遺產
科莫多國家公園,印尼,東努沙登加拉省,1991,自然遺產
庫克早期農業遺址,巴布亞新幾內亞,新幾內亞南部海拔1，500米高地,2008,文化遺產
烏爾根奇老城,土庫曼,達沙古茲洲,2005,文化遺產
新喀里多尼亞瀉湖：珊瑚礁 多樣性及相關生態系統,法國,法國,2008,自然遺產
龍門石窟,中國,河南省洛陽市,2000,文化遺產
霍勳爵群島,澳大利亞,新南威爾斯,1982,自然遺產
洛倫茨國家公園,印尼,巴布亞省（原伊里安查亞）,1999,自然遺產
蘭毗尼，佛陀誕生地,尼泊爾,藍毗尼,1997,文化遺產
廬山國家公園,中國,江西省九江市,1996,文化遺產
麥加里島,澳大利亞,塔斯馬尼亞,1997,自然遺產
菩提伽耶大菩提寺,印度,比哈爾邦，東印度,2002,文化遺產
曼納斯野生動物保護區,印度,阿薩姆邦,1985,自然遺產
艾哈邁德耶塞維和卓陵寢,哈薩克,南哈薩克州 突厥斯坦市,2003,文化遺產
秦始皇陵,中國,陝西省臨潼縣,1987,文化遺產
富士山，聖地及藝術的泉源,日本,跨靜岡縣和山梨縣,2013,文化遺產
伊瑪目廣場,伊朗,伊斯法罕,1979,文化遺產
麻六甲與喬治城，麻六甲海 峽的歷史城市,馬來西亞,馬來西亞,2008,文化遺產
賈姆的宣禮塔及考古遺址,阿富汗,賈姆,2002,文化遺產
莫高窟,中國,甘肅省敦煌縣,1987,文化遺產
峨嵋山風景名勝區(包括樂山大佛),中國,四川省峨嵋山市,1996,複合遺產
黃山,中國,安徽省黃山市,1990,複合遺產
青城山和都江堰,中國,四川省都江堰市,2000,文化遺產
三清山國家公園,中國,江西省,2008,自然遺產
泰山,中國,橫亙於山東省濟南與泰安市中心，泰安主峰,1987,複合遺產
五台山,中國,中國山西省東北部忻州市五台縣東北隅,2009,文化遺產
武夷山,中國,福建省武夷山市,1999,複合遺產
印度山地鐵路,印度,印度,1999,文化遺產
承德避暑山莊及周圍廟宇,中國,河北省承德市,1994,文化遺產
美山寺院,越南,廣南省，維川區，維府市,1999,文化遺產
胡朝城堡,越南,越南首都河内以南约150公里清化省,2011,文化遺產
南達德威國家公園,印度,北方邦加爾瓦爾區,1988,自然遺產
弗蘭格爾島自然保護區,俄羅斯聯邦,楚科奇自治區,2004,自然遺產
內姆魯特山,土耳其,阿迪亞曼省,1987,文化遺產
紐西蘭次南極區群島,紐西蘭,新西蘭塞班塔提區,1998,自然遺產
平泉——象徵佛淨國土的廟宇、園林與考古遺址,日本,日本北部,2011,文化遺產
加勒古城及其城堡,斯里蘭卡,南方省，迦勒城,1988,文化遺產
麗江古城,中國,麗江市,1997,文化遺產
鄂爾渾峽谷文化景觀,蒙古國,鄂爾渾省,2004,文化遺產
特羅多斯地區的彩繪教堂,塞普勒斯,特羅多斯區，尼科西亞區和麗瑪索區,1985,文化遺產
帕福斯,塞普勒斯,帕福斯區,1980,文化遺產
帕提亞要塞：尼薩,土庫曼,阿哈爾,2007,文化遺產
帕薩爾加德,伊朗,法斯省,2004,文化遺產
周口店北京人遺址,中國,北京市房山區,1987,文化遺產
柏賽波利斯,伊朗,法斯省,1979,文化遺產
泰姆格裡岩刻考古景觀,哈薩克,阿拉木圖州,2004,文化遺產
豐芽‧格邦國家公園,越南,廣平－布澤和明華,2003,自然遺產
普蘭巴南寺廟群,印尼,日惹特別行政區,1991,文化遺產
公主港地下河國家公園,菲律賓,巴拉望省,1999,自然遺產
普爾奴魯魯國家公園,澳大利亞,西澳大利亞,2003,自然遺產
蒙古阿爾泰山岩畫群,蒙古,蒙古,2011,文化遺產
德里古德卜尖塔,印度,德里,1993,文化遺產
恰泰土丘的新石器時代遺址,土耳其,安納托利亞高原南部,2012,文化遺產
紅堡,印度,新德里的國家，中區，新德里,2007,文化遺產
西高止山脈,印度,西高止山脈,2012,自然遺產
菲律賓科迪勒拉山的水稻梯田,菲律賓,伊富高省，科迪勒拉區呂宋島,1995,文化遺產
杭州西湖文化景觀,中國,杭州,2011,文化遺產
比姆貝特卡石窟,印度,中央邦,2003,文化遺產
羅赫達斯要塞,巴基斯坦,傑赫勒姆市，旁遮普,1997,文化遺產
奇旺皇家國家公園,尼泊爾,那拉亞尼的奇旺區,1984,自然遺產
皇家展覽館和卡爾頓園林,澳大利亞,墨爾本，維多利亞,2004,文化遺產
伯哈爾布爾的佛教寺廟遺址,孟加拉,瑙岡細分拉傑沙希區,1985,文化遺產
阿努拉德普勒聖城,斯里蘭卡,中北省，阿努拉德普勒,1982,文化遺產
康提聖城,斯里蘭卡,中央省,1988,文化遺產
紀伊山地靈場及參拜道,日本,三重，奈良，和歌山縣,2004,文化遺產
薩加瑪塔國家公園,尼泊爾,薩迦瑪塔區的索羅庫布區,1979,自然遺產
撒馬爾罕：文化交會的十字路口,烏茲別克共和國,撒馬爾罕區,2001,文化遺產
桑吉蘭早期人類遺址,印尼,中爪哇省,1996,文化遺產
薩利亞喀，哈薩克北部的疏樹草原和湖泊,哈薩克,哈薩克,2008,自然遺產
慶州石窟庵和佛國寺,大韓民國,慶州市,1995,文化遺產
西澳大利亞的鯊魚灣,澳大利亞,西澳,1991,自然遺產
白神山地,日本,鯵澤町，西郡，青森縣，深浦町，西郡，青森縣，岩崎村，西郡，青森縣，藤裡町，山本郡，秋田縣,1993,自然遺產
知床半島,日本,北海道,2005,自然遺產
日光的神社與寺院,日本,櫪木縣,1999,文化遺產
蘇西塔古代水力系統,伊朗,伊朗蘇西塔市,2009,文化遺產
四川大熊貓棲息地,中國,四川省,2006,自然遺產
辛哈拉賈森林保護區,斯里蘭卡,薩巴拉加穆瓦省與南方省,1988,自然遺產
蘇丹尼葉城,伊朗,贊詹省,2005,文化遺產
中國南方喀斯特,中國,雲南、貴州和廣西等省份,2007,自然遺產
開城歷史遺跡,朝鮮人民共和國(北韓),開城,2013,文化遺產
木鹿國家歷史與文化公園,土庫曼,馬雷州,1999,文化遺產
北京的皇家園林：頤和園,中國,北京市西北方10公里,1998,文化遺產
科納拉太陽神廟,印度,奧里薩邦，普里市,1984,文化遺產
松達班國家公園,印度,西孟加拉,1987,自然遺產
雪梨歌劇院,澳大利亞,新南威爾斯州,2007,文化遺產
泰姬瑪哈陵,印度,北方邦，阿格拉市,1983,文化遺產
蘇里曼聖殿,伊朗,西亞塞拜然省,2003,文化遺產
塔斯馬尼亞荒野,澳大利亞,塔斯馬尼亞州,1982,複合遺產
塔克西拉遺址,巴基斯坦,旁遮普省,1980,文化遺產
喬高桑比爾神殿,伊朗,胡齊斯坦省,1979,文化遺產
蒂‧瓦希普納穆公園-紐西蘭西南風景區,紐西蘭,南島西南,1990,自然遺產
曲阜孔廟孔林孔府,中國,山東省曲阜市,1994,文化遺產
北京的皇家祭壇：天壇,中國,北京市天壇公園,1998,文化遺產
帕威夏塔廟,柬埔寨,柬埔寨平原中央高地的邊緣地帶,2008,文化遺產
伊朗的亞美尼亞修道院群,伊朗,伊朗,2008,文化遺產
長城,中國,由渤海之山海關伸展到甘肅省之嘉峪關，橫跨遼寧、河北、北京、內蒙古、山西、陝西、寧夏、甘肅等8個省、直轄市、自治區,1987,文化遺產
澳門歷史城區,中國,澳門特別行政區,2005,文化遺產
朝鮮王朝皇室墓群,大韓民國,大韓民國,2009,文化遺產
峇里文化景觀,印尼,峇里,2012,文化遺產
孫德爾本斯,孟加拉,西南地區（庫爾納科）,1997,自然遺產
雲南保護區的「三江並流」,中國,雲南省的麗江地區、迪慶藏族自治州、怒江僳族自治州,2003,自然遺產
通艾‧華哈海音野生動物保護區,泰國,北碧、來興府與烏泰他尼府,1991,自然遺產
東加里洛國家公園,紐西蘭,陶波湖南邊,1990,複合遺產
隆坡邦古城鎮,寮國人民民主共和國,瑯勃拉邦省,1995,文化遺產
蘇門答臘熱帶雨林保護區,印尼,北蘇門答臘，佔碑，西蘇門答臘，南蘇門答臘，明古魯省和楠榜的蘇門答臘島,2004,自然遺產
圖巴塔哈珊瑚礁自然公園,菲律賓,卡卡揚西羅市，巴拉望省,1993,自然遺產
烏戎庫隆國家公園,印尼,萬丹省（原西爪哇）和楠榜,1991,自然遺產
烏盧魯卡塔．蒂尤塔國家公園,澳大利亞,新南威爾斯和昆士蘭州,1987,複合遺產
烏姆賴薩斯,約旦,馬代巴省,2004,文化遺產
烏布蘇盆地,俄羅斯聯邦&蒙古,蒙古與俄羅斯共有,2003,自然遺產
占巴塞文化景觀內的瓦普神廟與相關古代聚落,寮國人民民主共和國,占巴塞省,2001,文化遺產
西高加索山,俄羅斯聯邦,克拉斯諾達爾地區,1999,自然遺產
昆士蘭省濕熱帶雨林,澳大利亞,昆士蘭北部,1988,自然遺產
威蘭德拉湖群區,澳大利亞,新南威爾斯,1981,複合遺產
塞林姆清真寺,土耳其,土耳其,2011,文化遺產
武陵源風景與歷史名勝區,中國,湖南省武陵源風景區,1992,自然遺產
桑陶斯﹒萊頓,土耳其,穆拉省與費蒂葉和凱的安塔利亞區.基尼克與庫姆魯村,1988,文化遺產
屋久島,日本,熊毛郡上屋久與屋久町鹿兒島縣,1993,自然遺產
殷虛,中國,河南省,2006,文化遺產
雲岡石窟,中國,山西省大同市,2001,文化遺產
比基尼環礁,馬紹爾群島,太平洋馬紹爾群島,2010,文化遺產
河內升龍皇城,越南,越南河內市的皇城,2010,文化遺產
登封「天地之中」歷史遺址,中國,河南省,2010,文化遺產
韓國歷史村落：河回村與良洞村,大韓民國,安東、慶州,2010,文化遺產
薩拉子目古城的原型城市遺址,塔吉克,中亞地區,2010,文化遺產
阿爾達比勒市的薩菲‧阿丁教長陵寢與蘇菲兄弟會所建築群,伊朗,阿爾達比勒市,2010,文化遺產
大布里士的集市區,伊朗,大布里士,2010,文化遺產
齋浦爾的簡塔‧曼塔古天文台,印度,齋浦爾,2010,文化遺產
斯里蘭卡中央高地,斯里蘭卡,斯里蘭卡島的中南部,2010,自然遺產
中國丹霞,中國,丹霞,2010,自然遺產
鳳凰島保護區,吉里巴斯,吉里巴斯,2010,自然遺產
列霧卡歷史港口鎮,斐濟,列霧卡,2013,文化遺產
洛克群島南方瀉湖,帛琉群島,亞太地區,2012,複合遺產
新疆天山,中國,新疆,2013,自然遺產
布爾薩與Cumalikizik： 奧圖曼帝國的誕生,土耳其,土耳其,2014,文化遺產
南漢山城,大韓民國,大韓民國,2014,文化遺產
佩加蒙及其多層次文化景觀,土耳其,土耳其,2014,文化遺產
驃國古城,,緬甸,2014,文化遺產
印度古吉拉特邦帕坦縣的Rani-ki-Vav（女王的階台水井）,印度,印度,2014,文化遺產
燒焦之城,伊朗,伊朗,2014,文化遺產
絲路：絲綢之路原始區段，天山走廊路線網,中國，吉爾吉斯斯坦，哈薩克,中國，哈薩克，吉爾吉斯,2014,文化遺產
大運河,中國,中國,2014,文化遺產
富岡絲綢廠及相關地點,日本,日本,2014,文化遺產
大喜馬拉雅山脈國家公園,印度,印度,2014,自然遺產
Hamiguitan山脈野生動物保護區,菲律賓,菲律賓,2014,自然遺產
寧平自然景區,越南,越南,2014,複合遺產
中國南方喀斯特地形（第二階段）,中國,中國,2007,自然遺產
百濟歷史遺址,大韓民國,大韓民國,2015,文化遺產
約旦河外伯大尼耶穌受洗地點,約旦,約旦,2015,文化遺產
梅曼德文化景觀,伊朗,伊朗,2015,文化遺產
迪亞巴克爾堡壘及哈烏塞爾花園文化景觀,土耳其,土耳其,2015,文化遺產
艾菲索斯,土耳其,土耳其,2015,文化遺產
不兒罕合勒敦聖山,蒙古,蒙古,2015,文化遺產
新加坡植物園,新加坡,新加坡,2015,文化遺產
日本明治時代的工業革命遺產-鋼鐵、造船及煤礦產業,日本,日本,2015,文化遺產
蘇薩,伊朗,伊朗,2015,文化遺產
土司遺址,中國,中國,2015,文化遺產
阿芙蘿迪西亞,土耳其,土耳其,2017,文化遺產
阿尼考古遺址,土耳其,土耳其,2016,文化遺產
比哈爾邦那爛陀寺（那爛陀大學）考古遺址,印度,印度,2016,文化遺產
伊朗波斯卡納特灌溉系統,伊朗,伊朗,2016,文化遺產
左江花山岩畫文化景觀,中國,中國,2016,文化遺產
湖北神農架,中國,中國,2016,自然遺產
盧特沙漠,伊朗,伊朗,2016,自然遺產
天山西部,吉爾吉斯斯坦，烏茲別克共和國，哈薩克,哈薩克斯坦，吉爾吉斯斯坦，烏茲別克斯坦,2016,自然遺產
干城章嘉峰國家公園,印度,印度,2016,複合遺產
南馬都爾：東密克羅尼西亞的儀典中心,密克羅尼西亞聯邦,密克羅尼西亞聯邦,2016,文化遺產
艾哈邁達巴德古城,印度,古吉拉特邦,2017,文化遺產
亞茲德古城,伊朗,伊朗,2017,文化遺產
鼓浪嶼：歷史著名的國際聚落,中國,中國,2017,文化遺產
宗像市的神聖小島沖之島與其相關遺址,日本,日本,2017,文化遺產
古伊奢那補羅考古遺址：三波坡雷古寺廟區,柬埔寨,柬埔寨,2017,文化遺產
達斡爾景觀,俄羅斯聯邦，蒙古,俄羅斯聯邦，蒙古,2017,自然遺產
青海可可西里,中國,青海省,2017,自然遺產
哥貝克力石陣,土耳其,安納托利亞,2018,文化遺產
長崎地區隱藏的基督教遺址,日本,長崎,2018,文化遺產
山寺：韓國佛教名山寺廟,大韓民國,朝鮮半島南部,2018,文化遺產
法爾斯地區的薩珊王朝考古遺址,伊朗,法爾斯省,2018,文化遺產
孟買維多利亞的哥德式與藝術裝飾整合體,印度,孟買,2018,文化遺產
梵淨山,中國,貴州,2018,自然遺產
希爾卡尼亞森林,伊朗,伊朗,2019,文化遺產
中國黃 (渤) 海候鳥棲息地 (第一期),中國,中國,2019,自然遺產
韓國的新儒家（宋明理學）書院,大韓民國,南韓,2019,文化遺產
沙瓦倫多的奧比林煤礦遺產,印尼,印尼,2019,文化遺產
川壙的巨石缸遺址-石缸平原,寮國人民民主共和國,寮國,2019,文化遺產
百舌鳥-古市古墳群,日本,日本,2019,文化遺產
良渚古城考古遺址,中國,中國,2019,文化遺產
蒲甘,,緬甸,2019,文化遺產
澳大利亞 Budj Bim 文化景觀,澳大利亞,澳大利亞,2019,文化遺產
拉賈斯坦邦的齋浦爾城,印度,印度,2019,文化遺產
阿斯蘭特佩土丘,土耳其,,2021,文化遺產
沙爾特─包容之地與好客之城,約旦,,2021,文化遺產
豪拉曼/烏拉瑪納特文化景觀,伊朗,,2021,文化遺產
朵拉維拉─哈拉帕文明古城,印度,,2021,文化遺產
日本北部的繩紋史前遺址群,日本,,2021,文化遺產
特倫甘納邦的卡卡提亞王朝盧德什瓦拉（拉帕瑪）神廟,印度,,2021,文化遺產
奧涅加湖和白海的岩刻,俄羅斯聯邦,,2021,文化遺產
泉州：宋元中國的世界海洋商貿中心,中國,,2021,文化遺產
伊朗縱貫鐵路,伊朗,,2021,文化遺產
奄美大島、德之島、沖繩島北部及西表島,日本,,2021,自然遺產
南韓潮灘,大韓民國,,2021,自然遺產
崗卡章森林保護區,泰國,,2021,自然遺產
普洱市景邁山的古茶林文化景觀,中國,,2022,文化遺產
鹿石紀念碑及青銅時代遺址,蒙古,蒙古,2023,文化遺產
伽倻古墳群,大韓民國,,2023,文化遺產
戈迪翁,土耳其,土耳其,2023,文化遺產
貢開：林迦之城（榮耀之城）考古遺址,柬埔寨,吳哥西北,2023,文化遺產
桑蒂尼蓋登,印度,西孟加拉邦,2023,文化遺產
絲路： 澤拉夫尚—卡拉庫姆廊道,塔吉克;土庫曼;烏茲別克共和國,,2023,文化遺產
波斯商隊驛站,伊朗,伊朗,0000,文化遺產
喀山聯邦大學天文台,俄羅斯聯邦,喀山市,2023,文化遺產
曷薩拉王朝的神廟群,印度,,2023,文化遺產
詩貼古鎮和相關的陀羅缽地遺址,泰國,泰國,0000,文化遺產
日惹的宇宙中軸線及歷史地標,印尼,,2023,文化遺產
安納托力亞中世紀的木柱式清真寺,土耳其,土耳其,2023,文化遺產
圖蘭寒冬沙漠,哈薩克;烏茲別克共和國;土庫曼,,2023,自然遺產
蒂格羅瓦亞·巴爾卡自然保護區的托喀依林,塔吉克,塔吉克斯坦西南部的瓦赫什河和噴赤河之間,2023,自然遺產
猛獁洞穴國家公園,美國,肯塔基州中的貝倫郡與哈特郡,1981,自然遺產
梅莎維德國家公園,美國,科羅拉多州,1978,文化遺產
米瓜夏國家公園,加拿大,加斯佩半島，魁北克省,1999,自然遺產
夏洛茨維爾的蒙蒂塞洛和維吉尼亞大學,美國,維吉尼亞州,1987,文化遺產
納罕尼國家公園,加拿大,西北地區,1978,自然遺產
盧嫩堡古城,加拿大,新斯科細亞省,1995,文化遺產
奧林匹克國家公園,美國,華盛頓州,1981,自然遺產
陶斯鎮,美國,新墨西哥州,1992,文化遺產
紅木國家公園,美國,加州,1980,自然遺產
麗多運河,加拿大,安大略省,2007,文化遺產
斯岡瓜伊(安東尼島),加拿大,不列顛哥倫比亞省,1981,文化遺產
自由女神像,美國,紐約,1984,文化遺產
沃特頓冰川國際和平公園,加拿大，美國,美國，加拿大共有,1995,自然遺產
伍德野牛國家公園,加拿大,阿爾伯塔省,1983,自然遺產
黃石國家公園,美國,懷俄明州、蒙大拿州、愛達荷州,1978,自然遺產
優勝美地國家公園,美國,加州,1984,自然遺產
帕帕哈瑙莫夸基亞國家海洋保護區,美國,夏威夷群島,2010,複合遺產
波弗蒂角紀念土墩,美國,美國,2014,文化遺產
聖安東尼奧傳教所,美國,美國,2015,文化遺產
迷斯塔肯角,加拿大,加拿大,2016,自然遺產
皮瑪希旺‧阿奇,加拿大,加拿大,2018,複合遺產
阿伊斯奈皮石刻,加拿大,加拿大,2019,文化遺產
法蘭克•洛伊•萊特的20世紀建築作品,美國,美國,2019,文化遺產
克朗代克,加拿大,加拿大西北部的亞北極地區和育空河沿岸,2023,文化遺產
美國霍普韋爾儀式土方工程 美利堅合眾國,美國,美國,2023,文化遺產
安蒂科斯蒂,加拿大,,2023,自然遺產
德爾菲考古遺址,希臘,中部希臘地區,1987,文化遺產
埃皮達魯斯考古遺址,希臘,薩邁拉鎮，薩拉赫丁省,1988,文化遺產
奧林匹亞考古遺址,希臘,西部希臘伊利亞縣，伯羅奔尼撒半島西部,1989,文化遺產
喀爾巴阡山脈原始山毛櫸林和德國古山毛櫸林,德國，斯洛伐克，烏克蘭,德國，斯洛伐克，烏克蘭,2011,自然遺產
韋爾吉納考古遺址,希臘,伊馬希亞，馬其頓中部地區,1996,文化遺產
邁錫尼與提林斯的考古遺址,希臘,阿爾沃利斯州，伯羅奔尼撒半島,1999,文化遺產
色爾爵聖三一大修道院建築群,俄羅斯聯邦,莫斯科地區，城市謝爾吉耶夫 -洛夫鎮（前扎戈爾斯克）,1993,文化遺產
涅斯維日的拉濟維烏家族城堡建築群,白俄羅斯,明斯克市,2005,文化遺產
阿爾勒的古羅馬建築和羅馬式建築,法國,普羅旺斯-阿爾卑斯-藍色海岸大區，羅納河口省,1981,文化遺產
阿西西古鎮的方濟會修道院與大教堂,義大利,阿西西古鎮,2000,文化遺產
前納粹德國奧斯維辛﹒比克瑙集中營,波蘭,奧斯威辛縣，小波蘭行政區,1979,文化遺產
巴格拉特主教堂與格拉特修道院,喬治亞,庫塔伊西市，伊梅區,1994,文化遺產
巴德札夫城保護區,斯洛伐克,普列索夫州，巴德札夫行政區,2000,文化遺產
威瑪和德紹的包浩斯建築及遺址,德國,薩安州（薩安州）和圖林根州（林根）,1996,文化遺產
比利時與法國的鐘樓,法國，比利時,比利時，法國,1999,文化遺產
別洛韋日自然保護區－比亞沃韋札森林,白俄羅斯，波蘭,格羅德諾市/波德拉謝波蘭行政區,1979,自然遺產
米茲泰爾的本篤會聖約翰修道院,瑞士,格勞賓登州,1983,文化遺產
柏林現代主義住宅社區,德國,柏林,2008,文化遺產
比爾卡和霍夫高登,瑞典,斯德哥爾摩郡(烏普蘭行政區),1993,文化遺產
恩格爾斯堡鐵工廠,瑞典,西曼蘭,1993,文化遺產
瓦隆尼亞礦業遺址,比利時,比利時的帶狀區域,2012,文化遺產
布萊納文工業景觀,英國,布萊納文，卡地夫東北方40公里處，威爾士行政區,2000,文化遺產
布萊罕宮,英國,牛津郡，英格蘭行政區,1987,文化遺產
波爾多月亮港,法國,吉倫特省部,2007,文化遺產
帕多瓦植物園,義大利,帕多瓦省，威尼托區,1997,文化遺產
布爾日大教堂,法國,中央大區，謝爾省,1992,文化遺產
博亞納教堂,保加利亞,博揚娜區，索非亞,1979,文化遺產
塞姆奧拉德恩青銅時代墓地遺址,芬蘭,芬蘭西部地區,1999,文化遺產
布律根,挪威,卑爾根市,1979,文化遺產
布達佩斯，多瑙河岸、布達 城堡與安德拉斯大道,匈牙利,布達佩斯,1987,文化遺產
布哥斯主教堂,西班牙,卡斯提爾萊昂自治區，布哥斯省,1984,文化遺產
布特林蒂,阿爾巴尼亞,薩蘭達區,1992,文化遺產
南方運河,法國,庇里牛斯中部地區（上加龍省和塔恩省），朗格多克區（奧德省與埃羅省）,1996,文化遺產
坎特伯里大教堂，聖奧古斯丁修道院，聖馬丁教堂,英國及北愛爾蘭,肯特縣，英國,1988,文化遺產
蒙特堡,義大利,安德里亞和科拉托市鎮，巴里省，普利亞大區,1996,文化遺產
馬爾堡的條頓騎士城堡,波蘭,馬爾堡，波美拉尼亞波蘭行政區（原埃爾布隆格波蘭行政區）,1997,文化遺產
圭內斯郡愛德華國王城堡和城牆,英國,圭內斯，威爾士行政區北方,1986,文化遺產
布呂爾的奧古斯都堡宮殿與法爾肯拉斯特古堡,德國,北萊茵威斯特法倫州（北威州）,1984,文化遺產
博伊谷地的加泰羅尼亞羅馬式教堂,西班牙,列里達省，加泰隆尼亞自治區,2000,文化遺產
蘭斯的聖母大教堂、聖雷米修道院和塔烏宮,法國,香檳-阿登大區，馬恩省,1991,文化遺產
塞維亞大教堂、城堡和西印度群島檔案館,西班牙,塞維爾省，安達露西亞自治區,1987,文化遺產
摩德納的大教堂、市民塔和大廣場,義大利,摩德納省和摩德納市,1997,文化遺產
西班牙北部的舊石器時代洞穴藝術,西班牙,桑蒂亞納德馬，康塔布里亞省及自治區,1985,文化遺產
布科維納與達爾馬提亞大主教府,烏克蘭,烏克蘭,2011,文化遺產
阿格泰列克洞穴和斯洛伐克的喀斯特地貌,匈牙利，斯洛伐克,羅日尼亞瓦區和斯皮什新村，科希策區（西貢）,1995,自然遺產
弗羅茨瓦夫百年廳,波蘭,西利西亞省,2006,文化遺產
中席霍特特阿蘭山脈,俄羅斯聯邦,波扎爾斯基區，海岸地區,2001,自然遺產
亞速群島英雄港中心區,葡萄牙,亞速爾群島自治區,1983,文化遺產
沙特爾大教堂,法國,中央大區，羅亞爾省,1979,文化遺產
聖瑪麗亞感恩教堂、道明會 修道院以及李奧納多．達文西的最後的晚餐,義大利,米蘭省，倫巴第區,1980,文化遺產
科洛緬斯科基督昇天堂,俄羅斯聯邦,莫斯科南區,1994,文化遺產
呂勒奧的加默爾斯塔德教堂村,瑞典,北博滕郡,1996,文化遺產
摩爾達維亞教堂,羅馬尼亞,蘇恰瓦縣，莫爾達維亞區,1993,文化遺產
札沃爾和思維得尼加的和平教堂,波蘭,亞沃爾和希維德尼察縣，下西里西亞波蘭行政區,2001,文化遺產
奇倫托和狄亞諾河谷國家公園、 帕埃斯圖姆與韋利亞考古遺址以及杜拉的切爾托薩帕,義大利,薩勒諾省，坎帕尼亞,1998,文化遺產
豐特奈的熙篤會修道院,法國,勃艮第大區，柯多爾省,1981,文化遺產
巴斯城,英國,埃文郡，英格蘭行政區,1987,文化遺產
格拉茨歷史中心與埃根柏格城堡,奧地利,奧地利,1999,文化遺產
盧森堡舊城區和防禦建築,盧森堡,盧森堡,1994,文化遺產
瓦萊塔古城,馬爾他,馬爾他島,1980,文化遺產
維洛納古城,義大利,維洛那，威尼多,2000,文化遺產
維琴察城和威尼托的帕拉第奧風格別墅,義大利,帕多瓦省，羅維戈，特雷維索，威尼斯，維羅納和維琴察，威尼托區,1994,文化遺產
古典威瑪,德國,圖林根州（林根）,1998,文化遺產
奎德林堡教堂、古城和城堡,德國,薩安州（薩安州）,1994,文化遺產
科隆大教堂,德國,北萊茵威斯特法倫州（北威州）,1996,文化遺產
圖馬的耶穌修院,葡萄牙,托馬爾（聖塔倫）,1983,文化遺產
聖加爾修道院,瑞士,聖加爾州，聖加爾鎮,1983,文化遺產
康沃爾和西德文礦區景觀,英國,康沃爾和得文郡,2006,文化遺產
阿馬爾菲海岸景觀,義大利,薩勒諾，坎帕尼亞省,1997,文化遺產
克拉科夫歷史中心,波蘭,克拉科夫縣市，小波蘭行政區,1978,文化遺產
克雷斯皮阿達工業城,義大利,貝加莫省，倫巴第區,1995,文化遺產
索羅維茨基群島文化與歷史建築群,俄羅斯聯邦,阿爾地區,1992,文化遺產
辛特拉文化景觀,葡萄牙,辛特拉/塞拉,1995,文化遺產
庫羅尼安海峽,俄羅斯聯邦，立陶宛,克萊佩達地區，涅林加和克萊佩達（立陶宛），加里寧格勒地區，澤列諾格拉茨克區（俄羅斯聯邦）,2000,文化遺產
歐瑞斯提山的達基亞軍事要塞,羅馬尼亞,阿爾巴和胡內多阿拉縣，特蘭西瓦尼亞地區,1999,文化遺產
多瑙河三角洲,羅馬尼亞,圖爾恰縣，多布羅加地區,1991,自然遺產
阿姆斯特丹防線,荷蘭,北荷蘭省，烏得勒支,1996,文化遺產
提洛島,希臘,基克拉澤斯縣，南愛琴海區,1990,文化遺產
德文特河谷工業區,英國,德比郡，英格蘭行政區,2001,文化遺產
多拿那國家公園,西班牙,安達露西亞自治區，胡耶華塞維爾省,1994,自然遺產
多塞特和東德文海岸,英國,多塞特和東德文郡，英格蘭行政區,2001,自然遺產
法古斯工廠,德國,下薩克森州萊納河畔的阿爾費爾德,2011,文化遺產
比姆斯特海埔新生地,荷蘭,北荷蘭省,1999,文化遺產
杜倫的城堡和大教堂,英國,達拉謨，英格蘭行政區,1986,文化遺產
杜米托爾國家公園,特內哥羅共和國,黑山共和國,1980,自然遺產
拉韋納的早期基督教建築,義大利,艾米利亞 - 羅馬涅大區,1996,文化遺產
勒那河柱狀岩自然公園,俄羅斯聯邦,薩哈共和國（雅庫特）中部的勒那河畔,2012,自然遺產
佩奇的早期基督教墓園,匈牙利,巴蘭尼亞縣,2000,文化遺產
波雷奇歷史中心的尤弗拉西安教堂宗教建築群,克羅埃西亞共和國,伊斯特拉縣,1997,文化遺產
切爾維特里和塔爾奎尼亞的伊特魯里亞墓地,義大利,羅馬省和維泰博地區,2004,文化遺產
文藝復興城市費拉拉及其波河三角洲,義大利,費拉拉市和費拉拉省,1995,文化遺產
費爾特與新錫德爾湖的文化景觀,匈牙利，奧地利,阿普歇倫區，巴庫市行政領土,2001,文化遺產
佛蘭德地區的比津社區,比利時,佛蘭德斯地區，安特衛普省，林堡，東佛蘭德斯，西佛蘭德，弗拉芒布拉邦,1998,文化遺產
沃邦防禦工事,法國,法國,2008,文化遺產
蘇奧曼斯納城堡,芬蘭,赫爾辛基港口,1991,文化遺產
薩蘭萊班大鹽場到阿爾克﹒塞南皇家鹽場,法國,佛朗什-孔代大區，杜布省,1982,文化遺產
羅馬帝國的邊界,德國，英國,大不列顛及北愛爾蘭聯合王國,1987,文化遺產
賈姆濟格勒﹒羅慕利亞納的加萊裡烏斯宮,塞爾維亞,塞爾維亞東方,2007,文化遺產
加拉霍艾國家公園,西班牙,拉戈梅拉島，聖克魯斯-德特內里費省，加納利群島,1986,自然遺產
德紹﹒沃爾利茨園林王國,德國,薩安州（薩安州）,2000,文化遺產
克羅麥里茲花園和城堡,捷克共和國,克羅梅日什市和克羅梅日什區，茲林地區,1998,文化遺產
熱納亞：新街和羅利宮殿體系,義大利,利古里亞地區，熱那亞省,2006,文化遺產
「巨人堤道」及其海岸,英國,安特裏姆區，愛爾蘭行政區,1986,自然遺產
戈布斯坦岩石藝術文化景觀,亞塞拜然共和國,阿普歇倫區，巴庫市行政領土,2007,文化遺產
戈夫島和伊納克塞瑟布爾島,英國,特里斯坦-達庫尼亞群島，聖赫倫那屬地,1995,自然遺產
波爾托灣：皮亞納灣、吉羅拉塔灣和斯康多拉自然保護區,法國,柯西嘉大區，南科西嘉省、上柯西嘉省,1983,自然遺產
哈爾﹒薩夫列尼地宮,馬爾他,保拉公社，馬耳他島,1980,文化遺產
哈爾斯塔特-達赫斯泰因 薩爾茲卡莫古特的文化景觀,奧地利,薩爾茲卡莫古特,1997,文化遺產
漢撒城市：呂北克,德國,石荷州,1987,文化遺產
漢薩同盟城市維斯比,瑞典,哥德蘭島,1995,文化遺產
奧克尼的新石器時代遺址,英國,奧克尼群島中的梅恩蘭島，蘇格蘭行政區,1999,文化遺產
亨德森島,英國,皮特凱恩群島,1988,自然遺產
荷屬安地列斯威廉斯塔德歷史中心,荷蘭,庫拉索島，庫拉索島領土，荷屬安的列斯,1997,文化遺產
聖約翰修道院與帕摩斯島的天啟洞穴,希臘,南愛琴海區,1999,文化遺產
塔林古城歷史中心,愛沙尼亞,哈魯郡,1997,文化遺產
亞維農歷史中心：教皇宮、主教聖堂和阿維農橋,法國,普羅旺斯-阿爾卑斯-藍色海岸大區，渥克呂茲省,1995,文化遺產
布魯日歷史中心,比利時,布魯日,2000,文化遺產
捷克克魯姆洛夫歷史中心,捷克共和國,南波西米亞區,1992,文化遺產
科爾多瓦歷史中心,西班牙,安達露西亞自治區，哥多華省,1984,文化遺產
埃沃拉歷史中心,葡萄牙,阿連特茹省，埃武拉區,1986,文化遺產
佛羅倫斯歷史中心,義大利,羅馬,1982,文化遺產
吉馬良斯歷史中心,葡萄牙,米尼奧區和布拉加區,2001,文化遺產
拜霍伊特的侯爵歌劇院,德國,拜羅伊特,2012,文化遺產
那不勒斯歷史中心,義大利,義大利西南部,1995,文化遺產
歐波圖歷史中心,葡萄牙,北部地區,1996,文化遺產
布拉格歷史中心,捷克共和國,布拉格,1992,文化遺產
羅馬歷史中心,享有治外法權的羅馬教廷建築和繆拉的聖保羅弗利，義大利，教廷(梵蒂岡城),羅馬,1980,文化遺產
聖彼得堡歷史中心與週邊建築群,俄羅斯聯邦,聖彼得堡地區,1990,文化遺產
聖吉米納諾歷史中心,義大利,托斯卡尼,1990,文化遺產
西恩納歷史中心,義大利,義大利的中部,1995,文化遺產
錫吉什瓦拉歷史中心,羅馬尼亞,穆列什縣，特蘭西瓦尼亞區,1999,文化遺產
泰爾奇歷史中心,捷克共和國,高地地區,1992,文化遺產
皮恩札城歷史中心,義大利,錫耶納省，托斯卡納,1996,文化遺產
薩爾斯堡歷史中心,奧地利,薩爾斯堡州,1996,文化遺產
烏爾比諾歷史中心,義大利,佩扎羅省，馬爾凱區,1998,文化遺產
維也納歷史中心,奧地利,維也納,2001,文化遺產
華沙歷史中心,波蘭,瑪索維恩省，華沙郡及市,1980,文化遺產
貝拉特與吉諾卡斯特拉歷史中心,阿爾巴尼亞,阿爾巴尼亞,2005,文化遺產
施特拉爾松德與維斯馬歷史中心,德國,西梅克倫堡州波美拉尼亞（梅克倫堡前波莫瑞州）,2002,文化遺產
歷史城市托雷多,西班牙,卡斯提爾拉曼查自治區，托雷多省,1986,文化遺產
特羅吉爾古城,克羅埃西亞共和國,達爾馬提亞的縣,1997,文化遺產
卡爾卡松歷史要塞城市,法國,奧德省部，朗格多克地區,1997,文化遺產
諾夫哥羅德及周圍的歷史古跡,俄羅斯聯邦,諾夫哥羅德,1992,文化遺產
喀爾巴阡山地區木造教堂,波蘭，烏克蘭,東歐邊陲、波蘭及烏克蘭喀爾巴阡山地區,2013,文化遺產
里昂的歷史古跡,法國,羅納-阿爾卑斯大區，羅納省,1998,文化遺產
歷史城鎮班斯卡﹒什佳夫尼察及其工程紀念物,斯洛伐克,班斯卡佳夫尼察，班斯卡比斯特里察行政區,1993,文化遺產
百慕達的聖喬治古城及要塞,英國,聖喬治，屬地百慕達,2000,文化遺產
昆卡歷史古城,西班牙,昆卡省，卡斯提亞-拉曼恰自治區,1996,文化遺產
斯普利特古建築群和戴克裡先宮,克羅埃西亞共和國,達爾馬提亞分縣,1979,文化遺產
姆茨赫塔歷史古跡,喬治亞,姆茨赫塔塔,1994,文化遺產
霍拉索維采歷史村落保護區,捷克共和國,南波希米亞地區,1998,文化遺產
奧洛莫烏茨的三位一體聖柱,捷克共和國,奧洛穆茨地區,2000,文化遺產
霍托巴吉國家公園,匈牙利,包爾紹德，曾普倫，赫維什，豪伊杜，比哈爾邦和加茲 -納傑 -索爾諾克,1999,文化遺產
伊比薩島的生物多樣性和特有文化,西班牙,巴樂利群島,1999,複合遺產
伊路利薩特冰灣,丹麥,格陵蘭西海岸，迪斯科灣，市伊盧利薩特,2004,自然遺產
伍達蒸汽泵站,荷蘭,萊麥爾，弗里斯蘭省,1998,文化遺產
鐵橋峽谷,英國,斯洛浦郡，英格蘭行政區,1986,文化遺產
伊奧利亞群島,義大利,地中海 - 南部第勒尼安海,2000,自然遺產
耶林的墓地、魯內文石碑及教堂,丹麥,瓦埃勒城市北部，日德蘭半島中部,1994,文化遺產
特熱比奇的猶太社區和聖普羅科皮烏斯大教堂,捷克共和國,特熱比奇地區，高地地區,2003,文化遺產
聖艾米倫區,法國,吉倫特省，阿基坦區,1999,文化遺產
托斯卡尼的梅迪奇別墅和花園,義大利,托斯卡尼,2013,文化遺產
卡瓦利亞澤布日多夫斯卡：矯飾主義的建築及園林景觀,波蘭,小波蘭（小波蘭）。波蘭行政區（原別爾斯克，比亞拉）,1999,文化遺產
克拿維考古遺址,立陶宛,維爾紐斯縣,2004,文化遺產
基輔：聖索菲亞主教堂與基輔佩徹爾斯克修道院建築群,烏克蘭,基輔,1990,文化遺產
基日島木造教堂,俄羅斯聯邦,卡累利阿自治蘇維埃社會主義共和國,1990,文化遺產
莫斯科克里林姆林宮與紅場,俄羅斯聯邦,莫斯科市,1990,文化遺產
克隆堡城堡,丹麥,赫爾辛格，西蘭島,2000,文化遺產
庫特納霍拉：歷史城區及聖巴巴拉教堂和塞德萊茨的聖母大教堂,捷克共和國,庫特納霍拉市和庫特納霍拉區，中央波西米亞地區,1995,文化遺產
高海岸/瓦爾肯群島,芬蘭，瑞典,波的尼亞灣,2000,自然遺產
拉紹德封勒洛克的製錶城鎮規劃,瑞士,瑞士,2009,文化遺產
布魯塞爾大廣場,比利時,布魯塞爾市，布魯塞爾首都大區,1998,文化遺產
瓦倫西亞的絲綢交易廳,西班牙,瓦倫西亞省，瓦倫西亞自治區,1996,文化遺產
貝加爾湖,俄羅斯聯邦,伊爾庫茨克和赤塔地區，布里亞特共和國,1996,自然遺產
皮科島葡萄園文化景觀,葡萄牙,亞速爾群島,2004,文化遺產
拉普人居住區,瑞典,北博滕郡,1996,複合遺產
拉斯梅德拉斯,西班牙,里昂省，卡斯提爾自治區,1997,文化遺產
諾托谷地的晚期巴洛克城鎮,義大利,西西里，錫拉庫札、拉古薩、和卡塔尼亞省,2002,文化遺產
馬德拉月桂樹公園,葡萄牙,馬德拉島,1999,自然遺產
拉沃葡萄園梯田,瑞士,拉沃區，沃州區,2007,文化遺產
古斯特‧佩雷重建的勒阿弗爾城,法國,濱海塞納省，上諾曼底區,2005,文化遺產
萊德尼采‧瓦爾季采文化景觀,捷克共和國,布熱茨拉夫區，南摩拉維亞州,1996,文化遺產
萊沃恰，斯皮什城堡及周邊歷史建築,斯洛伐克,斯洛伐克,1993,文化遺產
利托米什爾城堡,捷克共和國,帕爾杜比採州,1999,文化遺產
海洋商業城市利物浦(已除名),英國,利物浦，英格蘭行政區,2004,文化遺產
埃斯萊本和維騰堡的路德紀念館建築群,德國,薩安州（薩安州）和圖林根州（林根),1996,文化遺產
利維夫歷史中心建築群,烏克蘭,利維夫州，哈里奇那,1998,文化遺產
馬達拉騎士浮雕,保加利亞,加利亞東北部馬達拉鎮,1979,文化遺產
埃特納火山,義大利,義大利西西里島東岸的埃特納火山,2013,自然遺產
馬德留．佩拉菲塔．克拉羅爾大峽谷文化景觀,安道爾共和國,安道爾城，洛里亞的聖利亞,2004,文化遺產
建築師維克荷塔在布魯塞爾設計的主要城市住宅,比利時,比利時,2000,文化遺產
玲瓏谷考古遺址,馬來西亞,玲瓏谷地,2012,文化遺產
曼圖亞城與薩比奧內塔城,義大利,義大利,2008,文化遺產
格林威治,英國,格林威治自治市鎮，英格蘭行政區,1997,文化遺產
莫爾布隆修道院,德國,恩茲區，巴登符騰堡,1993,文化遺產
羅德中世紀古城,希臘,南愛琴海區,1988,文化遺產
科索沃的中世紀文化紀念物,塞爾維亞,科索沃自治省,2004,文化遺產
中世紀古托倫城,波蘭,托倫縣，亞維，波美拉尼亞波蘭行政區,1997,文化遺產
馬爾他巨石廟,馬爾他,戈佐島和馬耳他島,1980,文化遺產
維斯格拉德的邁赫邁德．帕夏．索科羅維奇古橋,波士尼亞-赫塞哥維那,塞族共和國薩拉熱窩宏區,2007,文化遺產
麥塞爾坑化石遺址,德國,黑塞（黑森州）,1995,自然遺產
米提奧拉,希臘,特里卡拉縣，色薩利區,1988,複合遺產
金德代克﹒埃爾斯豪特的風車群,荷蘭,阿爾布拉瑟丹和新萊克蘭市鎮，南荷蘭省,1997,文化遺產
潘諾恩哈爾瑪千年本篤修院及其自然環境,匈牙利,傑爾 -曼森-肖普朗縣,1996,文化遺產
賴邁爾斯堡礦區和戈斯拉爾歷史城鎮,德國,不倫瑞克區，下薩克森州（薩克森）,1992,文化遺產
法倫的大銅山礦區,瑞典,法倫鎮，達拉納省,2001,文化遺產
米爾城堡建築群,白俄羅斯,格羅德諾州，克瑞里奇區,2000,文化遺產
黛芬尼修道院、俄西歐斯羅卡斯修道院和奇俄斯新修道院,希臘,阿提卡地區，中部希臘，北愛琴海,1990,文化遺產
馬德里艾斯柯里亞修道院,西班牙,艾斯柯里亞聖羅倫佐，馬德里自治省,1984,文化遺產
阿爾科巴薩修道院,葡萄牙,阿爾科巴薩-萊里亞,1989,文化遺產
巴達哈修道院,葡萄牙,巴塔利亞（萊里亞）,1983,文化遺產
霍雷祖修道院,羅馬尼亞,沃爾恰縣，瓦拉幾亞區,1993,文化遺產
里斯本的哲羅姆派修道院與貝倫塔,葡萄牙,里斯本市,1983,文化遺產
賴謝瑙修道院之島,德國,弗賴堡區，巴登符騰堡,2000,文化遺產
聖喬治山,義大利，瑞士,提契諾州,2003,自然遺產
聖米歇爾山及其海灣,法國,布列塔尼大區與夏諾曼第大區：芒什省、伊勒-維萊納省,1979,文化遺產
奧維耶多古建築和阿斯杜里亞王國,西班牙,阿斯杜里亞省及自治區,1985,文化遺產
阿索斯聖山,希臘,聖山自治區,1988,複合遺產
北卡萊海峽採礦盆地,法國,北卡萊,2012,文化遺產
亞拉岡的穆德哈爾式建築,西班牙,德魯耶與札拉哥薩省，亞拉岡自治區,1986,文化遺產
柏林博物館島建築群,德國,柏林,1999,文化遺產
穆斯考爾公園,波蘭，德國,德國和波蘭交界處的巴德·穆斯考小鎮,2004,文化遺產
米斯特拉斯考古遺址,希臘,在拉科尼亞縣，伯羅奔尼撒半島,1989,文化遺產
奧赫里德地區的文化歷史遺跡和自然環境,前南斯拉夫馬其頓共合國,奧赫里德自治市,1979,複合遺產
果特自然與文化歷史地區,特內哥羅共和國,奧卡爾斯卡（科托爾灣），科托爾城和周邊地區，黑山共和國,1979,文化遺產
卡爾斯克魯納軍港,瑞典,布萊金厄郡,1998,文化遺產
斯皮耶納的新石器時代礈石礦區,比利時,埃諾省，瓦隆區,2000,文化遺產
新拉納克,英國,南拉納克郡，蘇格蘭行政區,2001,文化遺產
圖爾奈聖母大教堂,比利時,埃諾省，瓦隆區,2000,文化遺產
愛丁堡的老城和新城,英國,洛鍚安區，蘇格蘭行政區,1995,文化遺產
莫斯塔爾舊城和舊橋地區,波士尼亞-赫塞哥維那,塞哥維那內雷特瓦郡,2005,文化遺產
伯恩古城區,瑞士,伯恩州,1983,文化遺產
杜布羅夫尼克古城,克羅埃西亞共和國,杜布羅夫尼克內雷特瓦縣，亞得里亞海海岸,1979,文化遺產
薩拉曼加古城,西班牙,卡斯提爾自治區，薩拉曼加省,1988,文化遺產
札莫希奇古城,波蘭,扎莫希奇縣市，盧布林波蘭行政區（原扎莫希奇波蘭行政區）,1992,文化遺產
勞馬古城,芬蘭,波特尼亞灣,1991,文化遺產
亞維拉古城及城外教堂,西班牙,卡斯提爾萊昂自治區，亞維拉省,1985,文化遺產
卡薩雷斯古城,西班牙,埃斯特雷馬杜拉自治區，卡塞雷斯省,1986,文化遺產
科孚古城,希臘,愛奧尼亞群島，科孚島縣,2007,文化遺產
雷根斯堡舊城,德國,巴伐利亞,2006,文化遺產
塞哥維亞古城及其水道橋,西班牙,卡斯提爾自治區，塞哥維亞省,1985,文化遺產
霍洛克古村落及其周邊,匈牙利,諾格拉縣,1987,文化遺產
申布倫宮殿及花園,奧地利,維也納,1996,文化遺產
楓丹白露的宮殿和園林,法國,巴黎-法蘭西島大區，塞納-馬恩省,1981,文化遺產
凡爾賽宮及其庭園,法國,巴黎-法蘭西島大區，伊夫林省,1979,文化遺產
波茲坦與柏林的宮殿庭院,德國,柏林的勃蘭登堡,1990,文化遺產
巴塞隆納的帕勞音樂廳及聖保羅醫院,西班牙,加泰隆尼亞自治區，巴塞隆納省,1997,文化遺產
帖薩隆尼加古建築,希臘,薩洛尼卡縣，中央馬其頓區,1988,文化遺產
威海姆蘇赫貝爾格公園,德國,威海姆蘇赫,2013,文化遺產
埃爾切的椰棗種植園,西班牙,阿利坎特省，瓦倫西亞自治區,2000,文化遺產
巴黎的塞納河畔,法國,巴黎大區,1991,文化遺產
佩泰耶維齊古教堂,芬蘭,芬蘭中部,1994,文化遺產
比薩大教堂廣場,義大利,托斯卡納省,1987,文化遺產
澤萊納山的內波穆克聖約翰朝聖教堂,捷克共和國,南摩拉維亞區,1994,文化遺產
維斯教堂,德國,施泰因加登鎮，魏爾海姆-雄高區，上巴伐利亞地區，巴伐利亞州（拜仁）,1983,文化遺產
皮林國家公園,保加利亞,皮林山，布拉格耶夫格勒州,1983,自然遺產
波南錫的斯坦尼斯拉斯廣場、卡里耶爾廣場和阿利揚斯廣場,法國,洛林大區，莫爾特-莫賽爾省,1983,文化遺產
普朗坦．莫雷圖斯博物館,比利時,安特衛普城，法蘭德斯區,2005,文化遺產
十六湖國家公園,克羅埃西亞共和國,利卡-塞尼縣，比哈奇以東10公里,1979,自然遺產
波布萊特修道院,西班牙,加泰隆尼亞自治區，塔拉戈納省,1991,文化遺產
加德橋(古羅馬水道橋),法國,朗格多克-魯西戎大區，加爾省,1985,文化遺產
龐特斯沃泰水道橋與運河,英國,萊克斯漢姆自治縣鎮，什羅普縣,2009,文化遺產
韋內雷港、五村鎮和群島,義大利,拉斯佩齊亞省，利古里亞區,1997,文化遺產
科阿峽谷的史前岩畫遺址,西班牙，葡萄牙,科阿峽谷,1998,文化遺產
韋澤爾峽谷的岩洞群與史前遺跡,法國,韋澤爾峽谷,1979,文化遺產
普羅萬中世紀市集鎮,法國,塞納和馬恩部，法國巴黎區,2001,文化遺產
庇里牛斯山脈﹒珀杜山,法國，西班牙,法國，西班牙共有,1997,複合遺產
薩莫斯島的畢達哥利翁及赫拉神殿,希臘,薩摩斯縣，北愛琴海,1992,文化遺產
烏韋達和巴埃薩的文藝復興建築群,西班牙,哈恩省，安達魯西亞自治區,2003,文化遺產
薩伏依皇家建築,義大利,都靈省，皮埃蒙特區,1997,文化遺產
阿爾布拉∕伯爾尼納文化景觀中的雷蒂恩鐵路,瑞士，義大利,瑞士，義大利,2008,文化遺產
水銀的遺產：阿爾馬登和伊德里亞,斯洛維尼亞共和國，西班牙,阿爾馬登和伊德里亞,2012,文化遺產
里特維爾德設計的施洛德住宅,荷蘭,烏得勒支省,2000,文化遺產
里拉修道院,保加利亞,山坡上的里拉，巴爾幹半島最高的山，在山谷中里拉河以東29公里的索非亞，塞薩洛尼基公路。里拉，丘斯省,1983,文化遺產
阿爾塔岩畫,挪威,阿爾塔市，芬馬克縣,1985,文化遺產
伊比利半島上地中海盆地的岩畫,西班牙,安達魯西亞、阿拉貢、卡斯提-曼恰、加泰隆尼亞、莫細亞、瓦倫西亞自治區,1998,文化遺產
塔努姆石刻,瑞典,布胡斯蘭省,1994,文化遺產
瓦爾加莫尼加的岩石畫,義大利,倫巴底平原,1979,文化遺產
伊萬諾沃的岩洞教堂,保加利亞,保加利亞東北部魯塞城附近,1979,文化遺產
特里爾的羅馬時期建築，聖彼得大教堂和聖瑪麗亞教堂,德國,萊茵蘭普法爾茨州,1986,文化遺產
奧朗日的古羅馬劇院和凱旋門,法國,普羅旺斯-阿爾卑斯-藍色海岸大區，渥克呂茲省,1981,文化遺產
盧戈的古羅馬城牆,西班牙,盧戈省，加里西亞自治區,2000,文化遺產
雷羅斯城,挪威,勒羅斯市，南特倫德拉格郡,1980,文化遺產
羅斯基勒大教堂,丹麥,西蘭島,1995,文化遺產
孔波斯特拉的聖地牙哥朝聖之路,西班牙,阿拉貢、那瓦爾、拉里奧哈、卡斯提-萊昂、加利西亞自治區,1993,文化遺產
法國聖雅各朝聖之路,法國,阿基坦大區，奧弗涅，下諾曼底，勃艮第，中心，香檳阿登，巴黎大區法國朗格多克，利木贊，比利牛斯，皮卡第，普瓦圖夏朗德和普羅旺斯阿爾卑斯-蔚藍海岸,1998,文化遺產
英國皇家植物園：裘園,英國,倫敦自治市里士滿泰晤士河畔，西南大倫敦,2003,文化遺產
德羅特寧霍爾姆皇家領地,瑞典,斯德哥爾摩省,1991,文化遺產
瓜達盧佩的聖瑪利亞皇家修道院,西班牙,埃斯特雷馬杜拉自治區，卡塞雷斯省,1993,文化遺產
皮埃蒙特與倫巴底的聖山,義大利,倫巴第和皮埃蒙特,2003,文化遺產
索爾泰爾,英國,西約克郡，英格蘭行政區,2001,文化遺產
拉古納的聖克里斯托瓦爾,西班牙,聖克魯斯-德特內里費省，加納利群島,1999,文化遺產
聖馬利諾歷史中心與蒂塔諾山,聖馬利諾,聖馬利諾,2008,文化遺產
聖米蘭的尤索和素索修道院,西班牙,拉里奧哈省，拉里奧哈自治區,1997,文化遺產
孔波斯特拉的聖地牙哥舊城,西班牙,加里西亞自治區，可露拿省,1985,文化遺產
修克蘭及其週邊地區,荷蘭,弗萊福蘭省,1995,文化遺產
塞梅林鐵路,奧地利,格洛格尼茨之間，下奧地利州和施蒂里亞州,1998,文化遺產
斯凱利麥可島,愛爾蘭,凱里郡,1996,文化遺產
斯科契揚溶洞,斯洛維尼亞共和國,什科茨揚村莊，迪瓦查和塞扎納城鎮,1986,自然遺產
斯科斯格克墓園,瑞典,斯德哥爾摩郡,1994,文化遺產
許佩耶大教堂,德國,萊茵蘭普法爾茨州,1981,文化遺產
斯雷伯爾納自然保護區,保加利亞，Srebarna村，錫利斯特拉省,錫利斯特拉鎮以西16公里的和多瑙河以南1公里處,1983,自然遺產
聖基爾達島,英國,聖基爾達島,1986,複合遺產
希爾德斯海姆的聖瑪麗大教堂和聖米迦爾教堂,德國,漢諾威下薩克森州（薩克森）,1985,文化遺產
史塔瑞格雷德平原,克羅埃西亞共和國,斯普利特和達爾馬提亞縣,2008,文化遺產
拉斯舊城和索潑查尼修道院,塞爾維亞,近郊新帕扎爾，拉什卡區，塞爾維亞共和國,1979,文化遺產
史托克雷特宅邸,比利時,布魯塞爾,2009,文化遺產
巨石陣、埃夫伯里和相關遺址,英國,威爾特郡，英格蘭行政區,1986,文化遺產
斯特拉斯堡和大島,法國,阿爾薩斯大區，下萊茵省,1988,文化遺產
斯楚維地質測量地點,白俄羅斯，愛沙尼亞，芬蘭，拉脫維亞，立陶宛，瑞典，烏克蘭，摩爾多瓦，挪威，俄羅斯聯邦，瑞典,白俄羅斯，愛沙尼亞，芬蘭，拉脫維亞，立陶宛，挪威，摩爾多瓦，俄羅斯，烏克蘭共有,2005,文化遺產
斯圖德尼察修道院,塞爾維亞,拉什卡區，塞爾維亞共和國,1986,文化遺產
薩盧姆三角洲,塞內加爾,塞內加爾,2011,文化遺產
斯塔德利皇家公園，包括方廷斯修道院遺址,英國,約克郡北方，英格蘭行政區,1986,文化遺產
巴魯米尼的蘇努拉西石構建築,義大利,中部坎皮達諾，撒丁島,1997,文化遺產
蘇萊曼聖山,吉爾吉斯,吉爾吉斯的費爾干納盆地,2009,文化遺產
敘爾特塞島,冰島,冰島,2008,自然遺產
少女峰（雍芙勞﹒阿雷奇﹒俾茲合恩地區）,瑞士,伯恩及瓦萊州,2001,自然遺產
薩多納地質構造區,瑞士,格勞賓登州的格拉魯斯,2008,自然遺產
西拉古斯和潘塔立克石墓群,義大利,西西里，錫拉庫札省,2005,文化遺產
泰德國家公園,西班牙,加那利群島中的特內里費島(Tenerife)，首府聖克魯斯,2007,自然遺產
巴塞的阿波羅伊比鳩魯神殿,希臘,尼亞，阿卡迪亞和伊利亞西部伯羅奔尼,1986,文化遺產
埃奇米艾津的大教堂、教堂 及茲瓦爾特諾茨考古遺址,亞美尼亞,阿爾馬維爾州,2000,文化遺產
希貝尼克的聖詹姆斯大教堂,克羅埃西亞共和國,希貝尼克郡,2000,文化遺產
多洛米蒂山,義大利,北義大利阿爾卑斯山脈,2009,自然遺產
拉盧維耶爾和勒羅爾克斯中央運河上的四座船舶吊車,比利時,比利時,1998,文化遺產
孔布拉大學,葡萄牙,孔布拉市山丘,2013,文化遺產
里加歷史中心,拉脫維亞,里加城,1997,文化遺產
敘利到沙洛間的羅亞爾河谷,法國,羅亞爾河谷,2000,文化遺產
哈巴特及薩納欣修道院,亞美尼亞,土馬尼亞區，哈巴特及薩納欣村,1996,文化遺產
格加爾修道院及上亞扎德流溪谷,亞美尼亞,科泰科州，臨近高特村,2000,文化遺產
馬特拉的岩洞民居和教堂,義大利,馬泰拉省和馬泰拉市，巴西利卡塔區,1993,文化遺產
阿爾貝羅貝洛的楚麗建築,義大利,巴里省，普利亞區,1996,文化遺產
伐登海,德國，荷蘭,荷蘭伐登海保護區和德國伐登海國家公園的下薩克森州和石荷州,2009,自然遺產
巴庫舊城、希爾凡宮殿及少女塔,亞塞拜然共和國,阿布雪龍半島,2000,文化遺產
議會國家公園,冰島,冰島西南部，首都東部50公里處,2004,文化遺產
陶里克切索內斯古城及農地,烏克蘭,黑海北岸克里米亞半島,2013,文化遺產
卡贊勒克的色雷斯古墓,保加利亞,蘇特波里斯,1979,文化遺產
斯韋什塔里的色雷斯古墓,保加利亞,拉茲格勒州,1985,文化遺產
貝林索納市集鎮的三座城堡、城牆和堡壘,瑞士,提契諾州-伯林索納,2000,文化遺產
托卡伊葡萄酒歷史文化區,匈牙利,包爾紹德，曾普倫,2002,文化遺產
赫丘力士塔,西班牙,西班牙西北部拉科魯尼亞海港,2009,文化遺產
倫敦塔,英國,倫敦塔橋自治區，英格蘭行政區,1988,文化遺產
布萊梅市場的市政廳及羅蘭城,德國,不萊梅邦,2004,文化遺產
班堡,德國,上弗蘭肯區,1993,文化遺產
布爾諾的圖根哈特別墅,捷克共和國,南摩拉維亞州,2001,文化遺產
埃納雷斯堡的大學和歷史區,西班牙,馬德里省，馬德里自治區,1998,文化遺產
萊茵河中上游河谷地,德國,萊茵蘭普法爾茨（萊茵蘭普法爾茨州）和黑森（黑森州）,2002,文化遺產
上斯瓦涅季,喬治亞,梅提亞區,1996,文化遺產
奧爾內斯木構教堂,挪威,松恩菲尤達訥郡,1979,文化遺產
奧西亞山谷,義大利,錫耶納省，托斯卡納,2004,文化遺產
威堡廣播站,瑞典,哈蘭省,2004,文化遺產
梵蒂岡城,神聖羅馬教廷,梵蒂岡城國,1984,文化遺產
維嘎群島文化景觀,挪威,努爾蘭，維加,2004,文化遺產
阿爾卑斯山區史前干欄建築,奧地利，法國，義大利，斯洛維尼亞共和國，瑞士,奧地利，法國，德國，義大利，瑞士，斯洛維尼亞,2011,文化遺產
威尼斯及其潟湖,義大利,威尼斯,1987,文化遺產
韋爾拉磨木紙板工廠,芬蘭,芬蘭南部,1996,文化遺產
韋茲萊教堂和山丘,法國,勃艮第大區，約納省,1979,文化遺產
蒂沃利的阿德里亞納別墅,義大利,羅馬省和維泰博地區,1999,文化遺產
蒂沃利的伊斯特別墅,義大利,羅馬省 拉丁姆區,2001,文化遺產
卡薩爾的羅馬別墅,義大利,西西里，恩那省，阿美利那廣場,1997,文化遺產
外西凡尼亞的防禦性教會村落,羅馬尼亞,特蘭西瓦尼亞地區，阿爾巴，布拉索夫，哈爾吉塔，穆列什，錫比烏縣,1993,文化遺產
威爾紐斯歷史中心,立陶宛,威爾紐斯市,1994,文化遺產
科米原始林,俄羅斯聯邦,科米共和國,1995,自然遺產
比斯開橋,西班牙,畢爾包(Bilbao)西面的伊拜薩巴(Ibaizabal)河口,2006,文化遺產
義大利倫巴底人遺址,義大利,義大利,2011,文化遺產
伏爾考林耐克,斯洛伐克,魯容貝羅克，日利納地區,1993,文化遺產
勘察加火山群,俄羅斯聯邦,勘察加半島,1996,自然遺產
弗爾克林根鐵工廠,德國,薩爾州,1994,文化遺產
瓦豪文化景觀,奧地利,克雷姆斯和梅爾克鎮，下奧地利,2000,文化遺產
瓦爾特堡,德國,艾森納赫，圖林根州（林根）,1999,文化遺產
挪威西峽灣：蓋朗厄爾峽灣和納柔依峽灣,挪威,摩爾縣、魯姆斯達爾縣和松恩峽灣,2005,自然遺產
西敏寺宮、西敏寺教堂和聖瑪格麗特教堂,英國,威斯敏斯特市，倫敦，英格蘭行政區,1987,文化遺產
赫爾辛蘭的華飾農舍,瑞典,瑞典東部,2012,文化遺產
弗拉基米爾與蘇茲達爾白色紀念碑,俄羅斯聯邦,弗拉基米爾地區,1992,文化遺產
維利奇卡和博赫尼亞鹽礦,波蘭,維利奇卡縣市，小波蘭行政區,1978,文化遺產
馬拉暮萊斯的木結構教堂,羅馬尼亞,伯爾薩納各區，布德，代塞什蒂，耶烏德，西塞什蒂，特爾古-拉普斯，馬拉穆列什縣，特蘭西瓦尼亞區,1999,文化遺產
小波蘭南部之木造教堂群,波蘭,戈爾利採，新塔爾格和波赫尼亞縣，波蘭行政區小波蘭（小波蘭）布若祖夫縣，喀爾巴阡山（喀爾巴阡）波蘭行政區,2003,文化遺產
喀爾巴阡山斯洛伐克段的原木教堂,斯洛伐克,普雷紹夫，日利納，科希策班斯卡比斯特里察和地區,2008,文化遺產
安東尼﹒高第的建築作品,西班牙,巴塞隆納,1984,文化遺產
烏茲堡、宮廷花園和廣場,德國,下弗蘭肯區，巴伐利亞州（拜仁）,1981,文化遺產
埃森的關稅同盟工業區景觀,德國,北萊茵威斯特法倫州（北威州）,2001,文化遺產
阿爾比的主教城,法國,法國西南部湯恩河畔,2010,文化遺產
阿姆斯特丹辛格爾運河內的17世紀環狀運河區,荷蘭,阿姆斯特丹歷史運河區,2010,文化遺產
留尼旺島的山峰、冰斗和峭壁,法國,印度洋西南部的火山山脈組成,2010,自然遺產
普托拉納高原,俄羅斯聯邦,西伯利亞中部,2010,自然遺產
德勒斯登易北河谷(已除名),德國,薩克桑尼州,2004,文化遺產
保爾加歷史與考古建築群,俄羅斯聯邦,俄羅斯,2014,文化遺產
加洛林王朝的Westwork與Civitas Corvey,德國,德國,2014,文化遺產
阿爾代什的Pont d’Arc彩繪洞穴，又稱Grotte Chauvet-Pont d’Arc,法國,法國,2014,文化遺產
皮埃蒙特的葡萄園景觀：Langhe-Roero與Monferrato,義大利,義大利,2014,文化遺產
Van Nelle工廠,荷蘭,荷蘭,2014,文化遺產
Stevns懸崖,丹麥,丹麥,2014,自然遺產
比亞沃韋扎森林,白俄羅斯，波蘭,白俄，波蘭,1979,自然遺產
瓦登海,丹麥，德國，荷蘭,丹麥，德國，荷蘭,2009,自然遺產
阿拉伯諾曼時期的巴勒摩、切法盧及蒙雷阿萊主教堂,義大利,義大利,2015,文化遺產
香檳區文化景觀,法國,法國,2015,文化遺產
摩拉維亞教堂聚落,丹麥,丹麥,2015,文化遺產
勃根地葡萄園風土,法國,法國,2015,文化遺產
尤坎-諾托登工業遺產,挪威,挪威,2015,文化遺產
漢堡倉庫城,德國,德國,2015,文化遺產
福斯橋,英國,英國,2015,文化遺產
北西蘭島狩獵景觀,丹麥,丹麥,2015,文化遺產
安特克拉石墓群遺址,西班牙,西班牙,2016,文化遺產
斯特茨奇中世紀墓葬群,波士尼亞-赫塞哥維納,波士尼亞與赫塞哥維納，克羅地亞，黑山，塞爾維亞,2016,文化遺產
腓立比考古遺址,希臘,希臘,2016,文化遺產
直布羅陀戈勒姆岩洞,英國,大不列顛及北愛爾蘭聯合王國,2016,文化遺產
施瓦本汝拉山洞穴內的冰河時期藝術品,德國,德國,2017,文化遺產
斯維亞日斯克島鎮上的聖母安息大教堂與修道院,俄羅斯聯邦,俄羅斯聯邦,2017,文化遺產
格陵蘭庫加塔：冰蓋邊緣的挪威人與因紐特人農業,丹麥,丹麥,2017,文化遺產
塔普塔普阿泰,法國,賴阿特阿島,2017,文化遺產
塔爾諾夫斯凱古雷的鉛鋅銀礦場與其地下水管理系統,波蘭,上西利西亞,2017,文化遺產
英國湖區,英國,英國,2017,文化遺產
十五世紀至十七世紀的威尼斯防禦工事：陸地之國與海洋之國,克羅埃西亞共和國，義大利，蒙特內哥羅共和國,克羅埃西亞共和國，義大利，蒙特內哥羅共和國,2017,文化遺產
威瑪、德紹，與貝爾瑙的包浩斯建築及其遺址,德國,德國,2017,文化遺產
格拉特修道院,喬治亞,喬治亞,2017,文化遺產
從大島到新城：歐洲的史特拉斯堡城鎮景觀,法國,法國,2017,文化遺產
喀爾巴阡與其他歐洲地區的原始山毛櫸森林,阿爾巴尼亞，奧地利，比利時，保加利亞，克羅埃西亞共和國，德國，義大利，羅馬尼亞，斯洛伐克，西班牙，烏克蘭，斯洛維尼亞共和國,阿爾巴尼亞，奧地利，比利時，保加利亞，克羅埃西亞共和國，德國，義大利，斯洛伐克，羅馬尼亞，西班牙，烏克蘭，斯洛維尼亞共和國,2017,自然遺產
海澤比與丹尼弗克考古邊境遺蹟群,德國,德國,2018,文化遺產
冰與海之間的因紐特人狩獵場：阿斯維斯尤特–尼皮薩特,丹麥,格陵蘭,2018,文化遺產
阿爾扎哈拉的哈里發古城,西班牙,科爾多瓦,2018,文化遺產
20世紀工業城市伊夫雷亞,義大利,皮埃蒙特,2018,文化遺產
瑙姆堡大教堂,德國,圖林根盆地,2018,文化遺產
多姆山鏈 – 利馬涅斷層構造區,法國,法國中部,2018,自然遺產
比金河谷,白俄羅斯,俄羅斯,2018,自然遺產
奧赫里德地區的自然和文化遺產,馬其頓-前南斯拉夫共和國，阿爾巴尼亞, ,2019,複合遺產
瓦特納冰川國家公園-火與冰的動態自然,冰島,冰島,2019,自然遺產
法屬南部領地和海域,法國,法屬南部屬地,2019,自然遺產
奧格斯堡的水利管理系統,德國,德國,2019,文化遺產
布拉加的山上仁慈耶穌朝聖所,葡萄牙,葡萄牙,2019,文化遺產
馬夫拉皇家建築 – 宮殿、大教堂、修道院、塞爾科花園及狩獵公園 (塔帕達),葡萄牙,葡萄牙,2019,文化遺產
大加那利島文化景觀：里斯科卡伊多考古遺址和聖山,西班牙,西班牙,2019,文化遺產
普斯科夫建築學院教堂,俄羅斯聯邦,俄羅斯,2019,文化遺產
厄爾士/克魯什內山脈礦區,德國;捷克共和國,德國東南部和捷克西北部,2019,文化遺產
舍基歷史中心及汗王宮殿,亞賽拜然共和國,亞塞拜然,2019,文化遺產
卓瑞爾河岸天文台,英國,英國,2019,文化遺產
克熱米翁基的史前帶條紋燧石礦區,波蘭,波蘭,2019,文化遺產
拉貝河畔克拉德魯比的儀式馬車用馬繁育與訓練景觀,蒙特內哥羅共和國,蒙特內哥羅共和國,2019,文化遺產
科內利亞諾和瓦爾多比亞德尼的普羅塞克起泡酒山區,義大利,義大利,2019,文化遺產
慈善群居地,比利時;荷蘭,,2021,文化遺產
哥杜昂燈塔,法國,,2021,文化遺產
羅馬帝國邊境─多瑙河畔界牆（西部）,奧地利;斯洛伐克;德國,,2021,文化遺產
羅馬帝國邊境─下日爾曼界牆,德國;荷蘭,,2021,文化遺產
達姆斯塔特的瑪帝爾德高地,德國,,2021,文化遺產
尼斯，蔚藍海岸的冬季度假小鎮,法國,,2021,文化遺產
帕多瓦的14世紀濕壁畫群,義大利,,2021,文化遺產
普拉多大道和麗池公園，藝術與科學的景觀之地,西班牙,,2021,文化遺產
羅西亞蒙大拿礦業景觀,羅馬尼亞,,2021,文化遺產
斯派爾、沃姆斯和梅因茲的猶太人社區,德國,,2021,文化遺產
歐洲溫泉療養勝地,奧地利;比利時;捷克共和國;法國;德國;義大利;英國;北愛爾蘭,,2021,文化遺產
波隆那拱廊,義大利,,2021,文化遺產
威爾斯西北部板岩景觀,英國,,2021,文化遺產
普雷契尼克在盧比安納的作品─永恆人文之都,斯洛維尼亞共和國,,2021,文化遺產
科爾契雨林及濕地,喬治亞,,2021,自然遺產
敖德薩歷史中心(2023年被登錄為瀕危遺產),烏克蘭,烏克蘭,2023,文化遺產
喀爾巴阡山脈及歐洲其它地區的原始山毛櫸林,烏克蘭;保加利亞;克羅埃西亞共和國;奧地利;德國;義大利;捷克共和國;斯洛伐克;斯洛維尼亞共和國;比利時;法國;波蘭;波士尼亞-赫塞哥維納;瑞士;羅馬尼亞;西班牙;阿爾巴尼亞,,2007,自然遺產
艾福特的中世紀猶太遺產,德國,圖林根,2023,文化遺產
現代主義的考納斯： 1919-1939年的樂觀主義建築,立陶宛,立陶宛,2023,文化遺產
庫爾迪加古城,拉脫維亞,拉脫維亞西部,2023,文化遺產
梅諾卡島的塔雷奧帝克史前遺址,西班牙,地中海西部,2023,文化遺產
維京時代的環形堡壘群,丹麥,丹麥,2023,文化遺產
阿布米納,埃及,馬里特沙漠，伯格 阿拉伯市,1979,文化遺產
阿曼的阿夫拉賈灌溉系統,阿曼,達西里亞區，沙奇亞與巴提奈省,2006,文化遺產
貝尼哈瑪德城堡,阿爾及利亞,姆西拉省，在傑貝爾．瑪迪德附近,1980,文化遺產
石谷遺址,沙烏地阿拉伯,沙烏地阿拉伯,2008,文化遺產
杰姆的古羅馬劇場,突尼西亞,馬赫迪耶,1979,文化遺產
阿勒波古城,敘利亞,阿勒波,1986,文化遺產
波斯拉古城,敘利亞,德拉州,1980,文化遺產
大馬士革古城,敘利亞,大馬士革行政區,1979,文化遺產
古城底比斯及其墓地遺跡,埃及,昆那省,1979,文化遺產
安杰爾,黎巴嫩,貝卡,1984,文化遺產
昔蘭尼考古遺址,利比亞,蓋保 阿赫達爾區,1982,文化遺產
大萊普提斯考古遺址,利比亞,胡姆斯區,1982,文化遺產
薩伯拉達考古遺址,利比亞,扎維亞區,1982,文化遺產
巴特、庫特姆和艾因考古遺址,阿曼,達希拉地區,1988,文化遺產
亞述古城,伊拉克,薩拉赫丁省,2003,文化遺產
巴貝克,黎巴嫩,貝卡,1984,文化遺產
海法和西加利利的巴海聖地,以色列,海法和西加利利,2008,文化遺產
巴赫萊要塞,阿曼,拜赫萊綠洲，納支瓦西方25公里,1987,文化遺產
米吉多、夏瑣及別是巴的聖經遺跡,以色列,地中海東部,2005,文化遺產
比布魯斯,黎巴嫩,伯魯伊特北方50公里,1984,文化遺產
敘利亞北部古村落群,敘利亞,阿拉伯敘利亞共和國,2011,文化遺產
騎士堡和薩拉丁城堡,敘利亞,歐赫森與哈非自治市,2006,文化遺產
傑米拉,阿爾及利亞,塞蒂夫省,1982,文化遺產
杜加,突尼西亞,貝加省,1997,文化遺產
迦密山人類進化遺址,以色列,迦密山脈的西坡上,2012,文化遺產
哈特拉,伊拉克,摩蘇爾,1985,文化遺產
歷史開羅,埃及,開羅省,1979,文化遺產
扎比德歷史城鎮,葉門,荷台達省,1993,文化遺產
伊其果國家公園,突尼西亞,伊其果國家公園,1980,自然遺產
奈吉夫沙漠城市,以色列,內蓋夫地區,2005,文化遺產
開羅安,突尼西亞,凱魯萬省,1988,文化遺產
阿爾及爾的卡斯巴赫,阿爾及利亞,阿爾吉爾,1992,文化遺產
乳香之地,阿曼,佐法爾省,2000,文化遺產
馬撒達遺址,以色列,猶太的沙漠，俯瞰著死海,2001,文化遺產
蘇塞古城,突尼西亞,蘇斯省,1988,文化遺產
耶穌誕生地：伯利恆主誕堂及朝聖之路,巴勒斯坦,耶路撒冷南方約10公里處,2012,文化遺產
突尼斯舊城,突尼西亞,突尼斯,1979,文化遺產
孟菲斯及其墓地金字塔群,埃及,吉薩省,1979,文化遺產
莫查布山谷,阿爾及利亞,拉格瓦特省,1982,文化遺產
阿布辛貝至菲萊的努比亞文物遺址,埃及,亞斯文省,1979,文化遺產
亞克古城,以色列,西加利利,2001,文化遺產
耶路撒冷古城及城牆,耶路撒冷,耶路撒冷區,1981,文化遺產
薩阿那古城,葉門,薩那市,1986,文化遺產
迦達梅斯古城,利比亞,撒哈拉沙漠,1986,文化遺產
夕班古城,葉門,哈德拉毛省，瓦迪 哈德拉毛內，賽陽區,1982,文化遺產
加迪沙山谷與神杉森林,黎巴嫩,加迪沙,1998,文化遺產
佩特拉,約旦,馬安省,1985,文化遺產
瓦地倫保護區,約旦,約旦南部,2011,複合遺產
克觀迦太基古城及墓地,突尼西亞,納布勒省,1985,文化遺產
卡特拉考古遺址,巴林,北方地區,2005,文化遺產
庫瑟阿姆拉,約旦,東部沙漠－阿茲拉克區,1985,文化遺產
塔德拉爾特﹒阿卡庫斯岩畫遺址,利比亞,費贊,1985,文化遺產
聖凱瑟琳地區,埃及,南西奈,2002,文化遺產
薩瑪拉古城,伊拉克,薩邁拉鎮，薩拉赫丁省,2007,文化遺產
採珠業：島嶼經濟的見證,巴林,巴林穆哈拉格,2012,文化遺產
迦太基遺址,突尼西亞,突尼斯區,1979,文化遺產
帕米拉遺址,敘利亞,霍姆斯省,1980,文化遺產
索科特拉群島,葉門,葉門,2008,自然遺產
塔西里奈加,阿爾及利亞,伊利齊省,1982,複合遺產
蒂姆加德,阿爾及利亞,奧拉斯山的北麓,1982,文化遺產
蒂帕薩,阿爾及利亞,蒂帕薩省，蒂帕薩市,1982,文化遺產
泰爾,黎巴嫩,南黎巴嫩,1984,文化遺產
瓦地阿爾希坦(鯨魚谷),埃及,法雲目省(Faiyum)以西80公里,2005,自然遺產
特拉維夫白城：現代化運動,以色列,特拉維夫白城,2003,文化遺產
德拉伊耶遺址的阿圖賴夫區,沙烏地阿拉伯,阿拉伯半島中心、利雅德西北方,2010,文化遺產
阿爾艾茵文化遺址：哈菲特、西里、比達．賓特．沙特及綠洲地區,阿拉伯聯合國大公國,哈菲特、西里、比達．賓特．沙特及綠洲地區,2011,文化遺產
阿爾祖巴剌考古遺址,卡達,波斯灣濱海,2013,文化遺產
阿拉伯大羚羊保護區 (已除名),阿曼,中央地區,1994,自然遺產
朱迪亞低地的Maresha與 Bet-Guvrin洞穴，洞穴地貌的縮影,以色列,以色列,2014,文化遺產
埃爾比勒城堡,伊拉克,伊拉克,2014,文化遺產
歷史悠久的吉達，通往麥加之門,沙烏地阿拉伯,沙烏地阿拉伯,2014,文化遺產
巴勒斯坦：橄欖與葡萄藤之地 – 耶路撒冷南方Battir文化景觀,巴勒斯坦,巴勒斯坦,2014,文化遺產
貝薩朗墓群：猶太復興運動的地標,以色列,以色列,2015,文化遺產
哈伊勒省岩畫藝術,沙烏地阿拉伯,沙烏地阿拉伯,2015,文化遺產
伊拉克南部生態多樣性庇難所和美索不達米亞城市遺跡景觀,伊拉克,伊拉克,2016,複合遺產
希伯崙/哈利勒古城,巴勒斯坦,巴勒斯坦,2017,文化遺產
卡爾哈特古,阿曼,卡爾哈特,2018,文化遺產
哈薩綠洲：演變中的文化景觀,沙烏地阿拉伯,沙烏地阿拉伯,2018,文化遺產
巴比倫,伊拉克,伊拉克,2019,文化遺產
迪爾穆恩墓葬群,巴林,巴林,2019,文化遺產
希瑪文化區,沙烏地阿拉伯,,2021,文化遺產
古代示巴王國的地標,;葉門,馬里布,2023,文化遺產
拉希德·卡拉米國際會展中心,黎巴嫩,的黎波里,2023,文化遺產
古耶利哥／蘇丹之丘,巴勒斯坦,約旦河谷,2023,文化遺產
傑爾巴島：見證島嶼上的定居模式,突尼西亞,突尼西亞,2023,文化遺產
烏魯克·巴尼·馬阿里德保護區,沙烏地阿拉伯,魯卜哈利沙漠的西部,2023,自然遺產
龍舌蘭景觀及古代龍舌蘭產業設施,墨西哥,墨西哥中西部，哈利斯科洲,2006,文化遺產
阿里傑羅德胡波爾德國家公園,古巴,關塔那摩和奧爾金省,2001,自然遺產
坎佩切州的古馬雅城市卡拉克穆爾,墨西哥,卡拉克穆爾市，坎佩切省,2002,複合遺產
安地瓜古城,瓜地馬拉,薩卡特佩克斯,1979,文化遺產
古巴東南部最早的咖啡種植園考古景觀,古巴,聖地亞哥，關塔那摩省東南地區,2000,文化遺產
霍齊卡爾科考古遺址區,墨西哥,米亞卡特蘭縣，莫雷洛斯州,1999,文化遺產
基里瓜考古公園和馬雅文化遺址,瓜地馬拉,伊薩瓦爾部,1981,文化遺產
巴拿馬城考古遺址及巴拿馬歷史地區,巴拿馬,巴拿馬省，巴拿馬區,1997,文化遺產
大卡薩斯的帕奇梅考古區,墨西哥,大卡薩斯市，奇瓦瓦州,1998,文化遺產
瓜納卡斯特保護區,哥斯大黎加,瓜納卡斯特和阿拉胡埃拉省,1999,自然遺產
大西洋東南沿岸森林保護區,巴西,大西洋沿岸，巴拉那州和聖保羅,1999,自然遺產
貝里斯堡礁保育系統,貝里斯,貝里斯,1996,自然遺產
巴西利亞,巴西,巴西聯邦區,1987,文化遺產
巴西的大西洋群島：費爾南多—迪諾羅尼亞島和羅卡斯環礁保護區,巴西,伯南布哥州和北里奧格蘭德州國,2001,自然遺產
硫磺山要塞國家公園,聖克里斯多福及尼維斯,聖湯瑪斯及聖 克里斯多福教區,1999,文化遺產
卡奈馬國家公園,委內瑞拉,玻利瓦爾州,1994,自然遺產
哥倫比亞咖啡文化景觀,哥倫比亞,哥倫比亞,2011,文化遺產
中部亞馬遜綜合保育區,巴西,亞馬遜州,2000,自然遺產
中蘇利南自然保護區,蘇利南,西帕利維尼行政區,2000,自然遺產
墨西哥國立自治大學大學城中央校區,墨西哥,墨西哥市,2007,文化遺產
賽拉多保護區：恰帕達．多斯．維亞德羅斯與艾瑪斯國家公園,巴西,巴西中部高原，戈亞斯州,2001,自然遺產
昌昌考古遺址,祕魯,拉利伯塔德省，特魯希略州，萬恰可區,1986,文化遺產
夏文考古遺址,祕魯,安卡什部，華日省，查文區,1985,文化遺產
奇洛埃教堂群,智利,卡斯特羅市鎮，瓊奇，克姆奇，和金查奧，奇洛埃省，德洛斯拉各斯,2000,文化遺產
庫斯科古城,祕魯,庫斯科城,1983,文化遺產
波托西城,玻利維亞,波托西，波托西省,1987,文化遺產
基多古城,厄瓜多爾,基多的市和廣多,1978,文化遺產
卡拉卡斯大學城,委內瑞拉,卡拉卡斯，自由自治區,2000,文化遺產
科科斯島國家公園,哥斯大黎加,蓬塔雷納斯省，南東部熱帶太平洋,1997,自然遺產
柯義巴島國家公園及其海洋特別保護區,巴拿馬,貝拉瓜斯省和奇裡基,2005,自然遺產
聖多明哥殖民城市,多明尼加共和國,首都區,1990,文化遺產
科羅及其港口,委內瑞拉,法爾孔州,1993,文化遺產
洛斯馬洛斯壁畫遺跡群,阿根廷,巴塔哥尼亞區，聖克路斯省,1999,文化遺產
達連國家公園,巴拿馬,達連省,1981,自然遺產
格拉瑪臺地國家公園,古巴,德爾格拉瑪國家公園，古巴共和國東南角落,1999,自然遺產
大西洋沿岸熱帶雨林保護區,巴西,大西洋沿岸各州的巴伊亞州和聖埃斯皮裡圖，巴西東北部,1999,自然遺產
波波卡特佩特爾火山山坡上 的16世紀初期修道院,墨西哥,莫雷洛斯州和普埃布拉國家市政：庫埃納瓦卡，特特拉德爾火山，托托拉潘,1994,文化遺產
埃爾塔津古城,墨西哥,韋拉克魯斯市的帕潘特拉,1992,文化遺產
克雷塔羅州戈達山的方濟會傳教所,墨西哥,克雷塔羅州德亞加（謝拉戈達地區）,2003,文化遺產
薩瑪帕塔的堡壘,玻利維亞,佛羅里達省，聖克魯斯區,1998,文化遺產
加拉巴戈群島,厄瓜多爾,聖克里斯托瓦爾洲，聖克魯斯和伊莎貝拉洲,1978,自然遺產
萊昂大教堂,尼加拉瓜,尼加拉瓜,2011,文化遺產
卡馬圭歷史中心,古巴,卡馬圭,2008,文化遺產
利馬歷史中心,祕魯,利馬市,1988,文化遺產
墨西哥城歷史中心和霍奇米爾科,墨西哥,聯邦區，代表區域：誇特莫克，貝努斯蒂亞諾卡蘭薩和奇米爾科等,1987,文化遺產
莫雷利亞歷史中心,墨西哥,米卻肯。莫雷利亞大會堂,1991,文化遺產
瓦哈卡歷史中心與阿爾萬山考古遺址,墨西哥,瓦哈卡州的華雷斯日，瓦哈卡市的奎拉潘,1987,文化遺產
普埃布拉歷史中心,墨西哥,普埃布拉州，普埃布拉市，聖佩德羅喬盧拉和聖安德烈斯喬盧拉,1987,文化遺產
聖徒灣的歷史中心/ 薩爾瓦多巴西亞歷史中心,巴西,巴伊亞州，巴西東北地區,1985,文化遺產
昆卡的洛斯﹒里奧斯的聖安娜歷史中心,厄瓜多爾,阿蘇艾省,1999,文化遺產
蒙波斯的聖克魯斯歷史中心,哥倫比亞,玻利瓦爾區,1995,文化遺產
聖路易斯的歷史中心,巴西,伯南布哥州，巴西東北地區,1997,文化遺產
迪亞曼蒂納城歷史中心,巴西,米納斯吉拉斯州,1999,文化遺產
戈亞斯城歷史中心,巴西,戈亞斯州,2001,文化遺產
奧林達城歷史中心,巴西,伯南布哥州，巴西東北地區,1982,文化遺產
薩卡特卡斯歷史中心,墨西哥,薩卡特卡斯州   薩卡特卡斯市,1993,文化遺產
蘇克雷歷史城市,玻利維亞,奧羅佩薩省丘基薩卡區,1991,文化遺產
坎佩切歷史要塞城,墨西哥,坎佩切州,1999,文化遺產
帕拉馬利博內城,蘇利南,帕拉馬里博行政區,2002,文化遺產
克雷塔羅歷史遺跡區,墨西哥,克雷塔羅州，克雷塔羅市,1996,文化遺產
塔拉科塔潘歷史遺跡區,墨西哥,在韋拉克魯斯州，特拉科塔爾潘市,1998,文化遺產
科洛尼亞沙加緬度城的古城區,烏拉圭,科洛尼亞省,1995,文化遺產
瓦爾帕萊索港口城市的古城區,智利,第五區，市瓦爾帕萊索,2003,文化遺產
馬丘比丘聖城遺址,祕魯,安地斯山顛、海拔2，430公尺處,1983,複合遺產
瓜納華托古城和周圍礦區,墨西哥,國家:瓜那華托  瓜那華托市,1988,文化遺產
歷史城鎮奧羅布雷多,巴西,米納斯杰雷斯洲,1980,文化遺產
阿雷奇帕舊城區,祕魯,阿雷基帕州,2000,文化遺產
瓜達拉哈拉的卡巴納醫院,墨西哥,哈利斯科，瓜達拉哈拉,1997,文化遺產
瓦斯卡蘭國家公園,祕魯,安卡什部，瓦拉斯縣，永蓋縣，波馬班巴縣，馬里斯卡爾里亞加縣，華日縣，科隆戈縣，錫瓦斯縣和博洛尼亞縣,1985,自然遺產
亨伯斯通和聖蘿拉硝石採石場,智利,伊基圭省,2005,文化遺產
伊瓜蘇國家公園,巴西,巴西巴拉那州,1986,自然遺產
伊瓜蘇國家公園,阿根廷,米西奧內斯省-地區：東北,1984,自然遺產
伊斯基瓜拉斯托∕ 大南巴雅自然公園,阿根廷,聖胡安和拉略哈省,2000,自然遺產
加利福尼亞灣的群島及保護區,墨西哥,南下加利福尼亞州，索諾拉州，錫那羅亞和納亞裡特州,2005,自然遺產
哥多華的耶穌會教區及莊園,阿根廷,哥多華省,2000,文化遺產
巴拉那河的耶穌會傳教所,巴拉圭,巴拉圭的巴拉納河流域,1993,文化遺產
奇基多斯的耶穌會傳道會所,玻利維亞,聖克魯斯區,1990,文化遺產
瓜拉尼人聚居地的耶穌會傳教區,阿根廷，巴西，南里奧格蘭德州,巴西，米西奧內斯省，阿根廷,1983,文化遺產
霍亞﹒德塞倫考古遺址,薩爾瓦多,拉利伯塔德部，塞倫的廣東喬婭，管轄範圍內的聖胡安,1993,文化遺產
納斯卡與朱馬納草原的石刻線條畫,祕魯,解放者/瓦里地區,1994,文化遺產
洛斯格拉夏雷斯冰河國家公園,阿根廷,聖克魯斯,1981,自然遺產
洛斯卡蒂奧斯國家公園,哥倫比亞,安蒂奧基亞省和喬科,1994,自然遺產
路易斯巴拉干的故居和工作室,墨西哥,墨西哥城,2004,文化遺產
瑪佩洛島動植物保護區,哥倫比亞,考卡谷行政區,2006,自然遺產
馬奴國家公園,祕魯,迪奧斯省馬德雷部和庫斯科省：馬努和保卡坦博,1987,文化遺產
科潘的馬雅古蹟遺址,宏都拉斯,科潘  國家西端,1980,文化遺產
黑脈金斑蝶生態保護區,墨西哥,墨西哥,2008,自然遺產
三峰山國家公園,多米尼克,島嶼的中南部,1997,自然遺產
鐵拉登特羅國家考古公園,哥倫比亞,考卡區，全因扎市，在“五百零五”聖安德烈斯德,1995,文化遺產
國家歷史公園：城堡、忘憂宮、拉米爾斯城堡,海地Haiti,北部各省,1982,文化遺產
諾爾-肯普夫-梅卡多國家公園,玻利維亞,維拉斯寇省，聖克魯斯省,2000,自然遺產
哈瓦那古城及其防禦工事,古巴,哈瓦那省,1982,文化遺產
潘塔納爾保護區,巴西,西南國家馬托格羅索州和西北地區國家的南馬托格羅索州，毗鄰巴西/玻利維亞邊界,2000,自然遺產
瓦爾德斯半島,阿根廷,丘布特省，巴塔哥尼亞地區,1999,自然遺產
火山管理區,聖路西亞,蘇夫希赫鎮附近，西南區域,2004,自然遺產
卡塔赫納的港口、要塞和古跡群,哥倫比亞,密西西比州-玻利瓦爾郡,1984,文化遺產
帕倫克古城和國家公園,墨西哥,恰帕斯州，帕倫克市,1987,文化遺產
奇琴伊察古城,墨西哥,尤卡坦州,1988,文化遺產
特奧蒂瓦坎古城,墨西哥,特奧蒂瓦坎直轄市的阿里斯塔和拉斯維加斯皮拉米德斯的聖馬丁,1987,文化遺產
烏斯馬爾古城,墨西哥,尤卡坦州，姆那市和聖埃萊娜,1996,文化遺產
聖米格爾防禦城鎮和阿他托尼科的拿撒勒人耶穌聖殿,墨西哥,瓜那華托省,2008,文化遺產
埃瓦斯邊城及其防禦工事,葡萄牙,埃瓦斯城,2012,文化遺產
奎布拉達胡馬華卡,阿根廷,胡胡伊省,2003,文化遺產
拉帕努伊國家公園,智利,印第安納州瓦爾帕萊索,1995,文化遺產
里約熱內盧山海景觀,巴西,里約熱內盧,2012,文化遺產
阿比塞奧河國家公園,祕魯,聖馬丁部，省馬里斯卡爾卡塞雷斯，區Huicungo,1990,複合遺產
里約普拉塔諾生物圈保留區,宏都拉斯,該國東北部地區被稱為“洪都拉斯莫斯基托”,1982,自然遺產
聖方濟山岩畫,墨西哥,南下加利福尼亞州,1993,文化遺產
萊昂古城遺址,尼加拉瓜,莫莫通博港，市拉巴斯中心系萊昂,2000,文化遺產
聖阿古斯丁考古公園,哥倫比亞,烏伊拉區：聖奧古斯丁市政區和聖何塞德伊斯諾斯,1995,文化遺產
聖地牙哥的聖佩德羅德拉羅卡城堡,古巴,古巴聖地亞哥省,1997,文化遺產
孔戈尼亞斯的仁慈耶穌聖殿,巴西,米納斯吉拉斯州,1985,文化遺產
桑蓋國家公園,厄瓜多爾,莫羅納 聖地牙哥、欽博拉索、 通古拉瓦省,1983,自然遺產
卡皮瓦拉山國家公園,巴西,東南德行政法院杜皮奧伊-聖保羅公社  雷蒙諾納托，聖若昂皮奧伊等,1991,文化遺產
塞維爾銅礦城,智利,塞維爾,2006,文化遺產
香卡安,墨西哥,金塔納羅奧州，卡里略和費利佩科蘇梅爾,1987,自然遺產
塔拉曼卡山脈及拉阿米斯塔德保護區,哥斯大黎加，巴拿馬,巴拿馬，聖何塞，卡塔戈，利蒙和彭塔雷納斯省，哥斯大黎加,1983,自然遺產
卡羅爾蘇沛聖城,秘魯,蘇沛河翠綠山谷,2009,文化遺產
艾爾皮納卡特與阿爾塔大沙漠生態保護區,墨西哥,墨西哥,2013,自然遺產
蒂卡爾國家公園,瓜地馬拉,佩滕部,1979,複合遺產
蒂瓦那庫：蒂瓦那庫文化的精神與政治中心,玻利維亞,因加維省拉巴斯區,2000,文化遺產
特立尼達和洛斯因赫尼奧斯谷,古巴,聖斯皮裡圖斯省,1988,文化遺產
西恩富戈斯城歷史中心,古巴,西恩富戈斯市,2005,文化遺產
比尼亞萊斯谷,古巴,比那爾和里奧省,1999,文化遺產
比斯開諾鯨魚保護區,墨西哥,南下加利福尼亞州，穆萊赫市,1993,自然遺產
橋鎮及其軍事要塞,巴貝多,巴貝多,2011,文化遺產
Diquís的前哥倫布時期酋邦定居地與石球,哥斯大黎加,哥斯大黎加,2014,文化遺產
Qhapaq Ñan，安第斯山區道路系統,玻利維亞，智利，哥倫比亞，厄瓜多爾，祕魯，阿根廷,阿根廷，玻利維亞，智利，哥倫比亞，厄瓜多爾，祕魯,2014,文化遺產
坎佩切州卡拉克穆爾的古馬雅城與熱帶森林保護區,墨西哥,墨西哥,2002,文化遺產
騰布裡克神父水道橋水利系統,墨西哥,墨西哥,2015,文化遺產
弗賴本托斯文化工業景觀,烏拉圭,烏拉圭,2015,文化遺產
藍山約翰國家公園,牙買加,牙買加,2015,複合遺產
潘普拉現代建築群,巴西,巴西,2016,文化遺產
雷維亞吉哥多群島,墨西哥,墨西哥,2016,自然遺產
勒‧柯比意建築作品，對現代運動的傑出貢獻,瑞士，日本，印度，德國，法國，比利時，阿根廷,阿根廷，比利時，法國，德國，印度，日本，瑞士,2016,文化遺產
安地卡及巴布達的海軍船塢及其相關考古遺址,安地卡及巴布達,安地卡及巴布達,2016,文化遺產
瓦隆古碼頭考古遺跡,巴西,里約熱內盧,2017,文化遺產
盧斯阿萊爾賽斯國家公園,阿根廷,阿根廷,2017,自然遺產
奇里比克特國家公園–「美洲豹的居所」,哥倫比亞,哥倫比亞西北部,2018,複合遺產
特瓦坎–奎卡特蘭谷地：中美洲原始棲息地,墨西哥,墨西哥,2018,文化遺產
帕拉蒂-文化與生物多樣性,巴西,巴西,2019,複合遺產
長基羅考古天文建築群,祕魯,,2021,文化遺產
阿里卡和帕裡納科塔地區的新克羅文化聚落及木乃伊,智利,,2021,文化遺產
羅伯托·佈雷·馬克思的莊園,巴西,,2021,文化遺產
工程師艾拉迪奧·迪耶斯特的作品：亞特蘭蒂達教堂,烏拉圭,,2021,文化遺產
國家考古公園阿巴赫·塔卡利克,瓜地馬拉,瓜地馬拉太平洋海岸,2023,文化遺產
ESMA博物館與紀念地—曾經為秘密拘留、酷刑與處決地,阿根廷,布宜諾斯艾利斯前海軍機械學校,2023,文化遺產
尤登薩瓦內考古遺址：尤登薩瓦內聚落和卡西波拉溪墓地 蘇利南,蘇利南,蘇利南北部蘇利南河密林岸邊,2023,文化遺產
印度移民管制站,模里西斯,路易港區,2006,文化遺產
艾爾與泰內雷自然保護區,尼日,阿加德茲部，阿爾利自治市,1991,自然遺產
阿克蘇姆,衣索比亞,提格雷省,1980,文化遺產
阿爾達布拉環礁,塞席爾,塞席爾,1982,自然遺產
瓦丹、欣蓋提、提希特和瓦拉塔古城鎮,茅利塔尼亞,歐丹，欣蓋提：阿德拉爾地區，提希特：塔崗區，瓦拉塔：胡德  耶帢固地區,1996,文化遺產
瓦盧比利斯考古遺址,摩洛哥,梅克內斯省,1997,文化遺產
阿散蒂傳統建築,迦納共合國,阿散蒂地區,1980,文化遺產
阿爾金海岸國家公園,茅利塔尼亞,努瓦迪布,1989,自然遺產
肯亞東非大裂谷湖泊系統,肯亞,東非大裂谷,2011,自然遺產
布文迪國家公園,烏干達,卡巴雷區、基索羅區以及魯昆吉里區,1994,自然遺產
弗洛勒爾角保護區,南非,東開普省與西開普省,2004,自然遺產
瓊戈尼岩石藝術區,馬拉威,代札行政區,2006,文化遺產
舊城，大禮貝拉歷史中心,維得角,地亞哥島的南部,2009,文化遺產
邦迪亞賈加拉陡崖(多貢族地區),馬利,莫普提區,1989,複合遺產
共莫耶國家公園,象牙海岸,東北地區，布納和費爾凱塞杜古縣，布納，港，納西安和德里分縣,1983,自然遺產
德賈動物保護區,喀麥隆，中非共和國，剛果,東部和南部的省（區域：賈河到羅伯的西部，上倪翁東部）,1987,自然遺產
朱賈國家鳥類保護區,塞內加爾,塞內加爾河三角洲,1981,自然遺產
蒙巴薩的耶穌堡,肯亞,肯亞,2011,文化遺產
洛佩﹒奧坎達生態系統和文化遺物景觀,加蓬,奧古文多跟奧古洛洛省,2007,複合遺產
貢德爾地區的法西爾蓋比,衣索比亞,阿比西尼亞區,1979,文化遺產
沃爾特、大阿克拉、中西部 地區的要塞和城堡,迦納共合國,沃爾特大阿克拉，中西部地區,1979,文化遺產
斯泰克方丹、 斯瓦特科蘭斯、 柯洛姆德拉伊和維羅恩斯的化石遺址,南非,豪登省、林波波省與西北省,1999,文化遺產
加蘭巴國家公園,剛果民主共和國,上薩伊省,1980,自然遺產
博戈爾山和納巴塔地區,蘇丹,美羅威省,2003,文化遺產
納米布沙海,那米比亞,納米比亞的納米布沙海,2013,自然遺產
大辛巴威遺址,辛巴威,馬旬戈省,1986,文化遺產
歷史要塞城市：哈勒爾城,衣索比亞,哈勒里區,2006,文化遺產
梅克內斯古城,摩洛哥,梅克內斯省,1996,文化遺產
大聖露西亞濕地公園,南非,誇祖魯－納塔爾省,1999,自然遺產
戈雷島,塞內加爾,佛得角區,1978,文化遺產
莫三比克島,莫三比克,莫桑比克青區，楠普拉省,1991,文化遺產
聖路易島,塞內加爾,聖路易地區,2000,文化遺產
詹姆士島及其關聯遺址,甘比亞,上尼塢米、下尼塢米行政區及班珠爾自治區,2003,文化遺產
卡胡茲﹒比加國家公園,剛果民主共和國,基武省,1980,自然遺產
卡米遺址,辛巴威,西區，馬塔貝萊蘭省,1986,文化遺產
吉力馬札羅國家公園,坦尚尼亞,吉力馬札羅區,1987,自然遺產
孔多安岩畫遺址,坦尚尼亞,東非大裂谷邊緣的馬賽峭壁上,2006,文化遺產
庫塔馬庫，巴塔馬利巴人居住區,多哥共和國,卡拉區,2004,文化遺產
阿伊特本哈杜築壘村,摩洛哥,阿伊特本哈杜村,1987,文化遺產
馬拉威湖國家公園,馬拉威,中央和南部地區,1984,自然遺產
圖爾卡納湖國家公園群,肯亞,東部省馬爾撒必特區,1997,自然遺產
拉木古城,肯亞,濱海省拉木區,2001,文化遺產
荒涼山文化景觀,模里西斯,模里西斯,2008,文化遺產
阿瓦什河谷地,衣索比亞,阿法爾省,1980,文化遺產
奧莫河谷地,衣索比亞,南方民族國家和民族,1980,文化遺產
納潭國家公園， 薩皮與切沃雷狩獵區,辛巴威,北馬紹納蘭省，烏蘭圭區,1984,自然遺產
馬諾沃-貢達聖弗洛里斯國家公園,中非共和國,巴明吉-班戈蘭省,1988,自然遺產
馬蓬古布韋文化景觀,南非,北開普敦省,2003,文化遺產
馬托博山丘,辛巴威,南馬塔貝萊蘭省,2003,文化遺產
索維拉城（原摩加多爾）,摩洛哥,索維拉省，坦西夫特區,2001,文化遺產
非斯的伊斯蘭舊城,摩洛哥,非斯城,1981,文化遺產
馬拉喀什的伊斯蘭舊城,摩洛哥,馬拉喀什省,1985,文化遺產
締頭萬伊斯蘭古城,摩洛哥,西北省地區，得土安,1997,文化遺產
莫西奧圖尼亞瀑布/維多利亞瀑布,尚比亞，辛巴威,贊比亞共和國南部省的立文斯敦區，津巴布韋的北馬塔貝萊蘭省,1989,自然遺產
麥羅埃島考古遺址,蘇丹,蘇丹,2011,文化遺產
肯亞峰國家公園自然森林,肯亞,梅魯區，涅裡，肯亞加和中部東部的恩布,1997,自然遺產
寧巴山自然保護區,象牙海岸，幾內亞,羅拉區,1981,自然遺產
恩戈羅保護區,坦尚尼亞,阿魯沙區,1979,複合遺產
尼奧科羅﹒科巴國家公園,塞內加爾,東塞內加爾和上卡薩芒斯地區,1981,自然遺產
俄卡皮鹿野生動物保護區,剛果民主共和國,上薩伊、下伊圖里省,1996,自然遺產
孔索文化景觀,衣索比亞,伊索比亞,2011,文化遺產
傑內古城,馬利,傑內圈，莫普提行政區,1998,文化遺產
奧孫‧奧索博神聖樹林,奈及利亞,奧紹博，奧遜州,2005,文化遺產
拉巴特，一座現代都市與歷史城市共享的遺產,摩洛哥,摩洛哥西北部的大西洋岸,2012,文化遺產
葡萄牙城市馬扎甘,摩洛哥,杜卡拉-阿卜達，傑迪代省,2004,文化遺產
阿欽安阿納雨林,馬達加斯加,馬達加斯加,2007,自然遺產
理查斯維德文化及植物景觀,南非,北開普省,2007,文化遺產
羅本島,南非,西開普敦省,1999,文化遺產
拉利貝拉的岩洞教堂,衣索比亞,阿比西尼亞區,1978,文化遺產
阿加德茲歷史中心,尼日,阿加德茲,2013,文化遺產
安布希曼加皇家山丘,馬達加斯加,安布希曼加高地自治區安塔那那利佛省,2001,文化遺產
阿波美王宮,貝南共和國,鄒省,1985,文化遺產
基盧瓦基西瓦尼遺址和松戈姆納拉遺址,坦尚尼亞,林迪區,1981,文化遺產
洛羅派尼遺址,布吉納法索,布吉納法索,2009,文化遺產
魯文佐里山國家公園,烏干達,卡巴羅、卡塞塞和本迪布交區,1994,自然遺產
肯亞米吉肯達聖林,肯亞,海岸省,2008,文化遺產
薩隆加國家公園,剛果民主共和國,赤道、班頓杜、西開賽省,1984,自然遺產
巴薩里、富拉、貝迪克的文化景觀,塞內加爾,塞內加爾東南部,2012,文化遺產
塞盧斯野生動物保護區,坦尚尼亞,莫羅戈羅區、林迪市、姆特拉瓦市、魯伍馬區,1982,自然遺產
塞倫蓋蒂國家公園,坦尚尼亞,馬臘區，阿魯沙市、希尼安加市,1981,自然遺產
塞米恩國家公園,衣索比亞,貢德爾,1978,自然遺產
歷史城鎮大巴薩姆,象牙海岸,科特迪瓦大巴薩姆,2012,文化遺產
塞內甘比亞石圈,甘比亞，塞內加爾,甘比亞:中游流域，塞內加爾:考拉克城,2006,文化遺產
桑吉巴爾石頭城,坦尚尼亞,桑給巴爾,2000,文化遺產
蘇庫爾文化景觀,奈及利亞,馬達加利地方政府,1999,文化遺產
塔伊國家公園,象牙海岸,西南地區，吉格洛和薩桑德拉區,1982,自然遺產
廷巴克圖,馬利,通布圖地區和外圍,1988,文化遺產
蒂亞,衣索比亞,草堂縣，古拉格區，南國民族國家和民族地區,1980,文化遺產
亞斯基亞陵,馬利,高城市，地區和周圍,2004,文化遺產
卡蘇比的布干達國王墓,烏干達,坎帕拉區,2001,文化遺產
黥基﹒德﹒貝馬拉哈自然保護區,馬達加斯加,中心以西 （安察魯瓦的菲彭多娜娜，馬任加的法里塔尼）,1990,自然遺產
特索地羅,波札那,西北博茨瓦納，該恩加米蘭區,2001,文化遺產
推菲爾泉岩畫,那米比亞,庫內內區,2007,文化遺產
馬洛蒂-德拉肯斯堡公園,南非，賴索托,跨祖魯－納塔爾省,2000,複合遺產
馬埃谷地自然保護區,塞席爾,普拉蘭島，馬埃東北50公里,1983,自然遺產
維龍加國家公園,剛果民主共和國,95%的區域位於基武，5%位於上薩伊,1979,自然遺產
弗里德堡隕石坑,南非,西北省與奧倫治自由邦,2005,自然遺產
W國家公園,尼日,蒂拉貝里部,1996,自然遺產
烏尼昂加湖群,查德,撒哈拉沙漠恩內迪區,2012,自然遺產
桑加跨三國保護區,喀麥隆，中非共和國，剛果-民主共和國,非洲,2012,自然遺產
奧卡萬戈三角洲,波札那,波札那,2014,自然遺產
桑加奈卜國家海洋公園和敦戈奈蔔海灣-姆卡瓦島國家海洋公園,蘇丹,蘇丹,2016,自然遺產
恩內迪高原的自然和文化景觀,查德,查德,2016,複合遺產
阿斯馬拉：現代主義的非洲城市,厄利垂亞,厄利垂亞,2017,文化遺產
蔻瑪尼文化景觀,南非,南非,2017,文化遺產
W-阿爾利-彭賈里保護區,貝南共和國，布吉納法索，尼日,貝南共和國，布吉納法索，尼日,2017,自然遺產
姆班扎剛果：昔日剛果王國的首都遺址,安哥拉,安哥拉,2017,文化遺產
西穆里奇聚落考古遺址,肯亞,維多利亞湖地區,2018,文化遺產
巴伯頓‧瑪空瓦山脈,南非,南非東北部,2018,自然遺產
布吉納法索古代冶鐵遺址,布吉納法索,布吉納法索,2019,文化遺產
象牙海岸北部的蘇丹式清真寺,象牙海岸, ,2021,文化遺產
伊溫多國家公園,加彭, ,2021,自然遺產
蓋德奧文化景觀,衣索比亞,衣索比亞高原,2023,文化遺產
奧扎拉—科科阿森林高地,剛果-民主共和國,剛果,2023,自然遺產
古帕瑪庫，巴塔馬利巴人之地,多哥共和國;貝南共和國,多哥東北部古帕瑪庫,2004,文化遺產
安德列發那的乾旱森林,馬達加斯加,馬達加斯加,1990,自然遺產
巴萊山國家公園,衣索比亞,衣索比亞,2023,自然遺產
種族滅絕的紀念遺址： 尼亞馬塔、穆拉比、吉索齊和比瑟瑟羅,盧安達共和國, ,2023,文化遺產
紐格威國家公園,盧安達共和國,盧安達共和國,2023,自然遺產